"STATION","DATE","LATITUDE","LONGITUDE","ELEVATION","NAME","TEMP","TEMP_ATTRIBUTES","DEWP","DEWP_ATTRIBUTES","SLP","SLP_ATTRIBUTES","STP","STP_ATTRIBUTES","VISIB","VISIB_ATTRIBUTES","WDSP","WDSP_ATTRIBUTES","MXSPD","GUST","MAX","MAX_ATTRIBUTES","MIN","MIN_ATTRIBUTES","PRCP","PRCP_ATTRIBUTES","SNDP","FRSHTT"
"A5125600451","2023-01-01","36.6985","-93.4022","411.2","BRANSON WEST MUNICIPAL EMERSON FIELD AIRPORT, MO US","  50.9","19","  48.9","19","9999.9"," 0","962.8","19","  5.8","19","  4.3","19","  8.9"," 13.0","  64.4","*","  44.6","*","99.99"," ","999.9","110000"
"A5125600451","2023-01-02","36.6985","-93.4022","411.2","BRANSON WEST MUNICIPAL EMERSON FIELD AIRPORT, MO US","  57.8","24","  55.2","24","9999.9"," 0","963.3","24","  6.4","24","  4.0","24"," 12.0"," 18.1","  73.4","*","  51.8","*","99.99"," ","999.9","110010"
"A5125600451","2023-01-03","36.6985","-93.4022","411.2","BRANSON WEST MUNICIPAL EMERSON FIELD AIRPORT, MO US","  58.3","24","  51.6","24","9999.9"," 0","957.1","24","  8.5","24","  6.6","24"," 17.1"," 36.9","  62.6","*","  50.0","*","99.99"," ","999.9","110010"
"A5125600451","2023-01-04","36.6985","-93.4022","411.2","BRANSON WEST MUNICIPAL EMERSON FIELD AIRPORT, MO US","  41.1","24","  28.2","24","9999.9"," 0","962.8","24"," 10.0","24","  9.6","24"," 14.0"," 20.0","  50.0","*","  33.8","*"," 0.00","I","999.9","000000"
"A5125600451","2023-01-05","36.6985","-93.4022","411.2","BRANSON WEST MUNICIPAL EMERSON FIELD AIRPORT, MO US","  39.3","24","  24.1","24","9999.9"," 0","969.5","24"," 10.0","24","  9.1","24"," 17.1"," 25.1","  48.2","*","  32.0","*"," 0.00","I","999.9","000000"
"A5125600451","2023-01-06","36.6985","-93.4022","411.2","BRANSON WEST MUNICIPAL EMERSON FIELD AIRPORT, MO US","  39.6","24","  23.3","24","9999.9"," 0","973.4","24"," 10.0","24","  3.3","24"," 11.1"," 17.1","  53.6","*","  30.2","*"," 0.00","I","999.9","000000"
"A5125600451","2023-01-07","36.6985","-93.4022","411.2","BRANSON WEST MUNICIPAL EMERSON FIELD AIRPORT, MO US","  47.6","24","  31.5","24","9999.9"," 0","970.7","24"," 10.0","24","  5.7","24"," 12.0"," 20.0","  53.6","*","  44.6","*"," 0.00","I","999.9","000000"
"A5125600451","2023-01-08","36.6985","-93.4022","411.2","BRANSON WEST MUNICIPAL EMERSON FIELD AIRPORT, MO US","  38.9","24","  32.9","24","9999.9"," 0","975.4","24","  8.1","24","  4.7","24","  9.9"," 13.0","  46.4","*","  32.0","*"," 0.00","I","999.9","000000"
"A5125600451","2023-01-09","36.6985","-93.4022","411.2","BRANSON WEST MUNICIPAL EMERSON FIELD AIRPORT, MO US","  40.4","24","  32.0","24","9999.9"," 0","973.3","24","  9.2","24","  2.2","24","  8.9"," 14.0","  59.0","*","  30.2","*"," 0.00","I","999.9","000000"
"A5125600451","2023-01-10","36.6985","-93.4022","411.2","BRANSON WEST MUNICIPAL EMERSON FIELD AIRPORT, MO US","  50.1","24","  35.7","24","9999.9"," 0","966.0","24"," 10.0","24","  5.6","24"," 11.1"," 20.0","  62.6","*","  41.0","*"," 0.00","I","999.9","000000"
"A5125600451","2023-01-11","36.6985","-93.4022","411.2","BRANSON WEST MUNICIPAL EMERSON FIELD AIRPORT, MO US","  53.6","24","  44.6","24","9999.9"," 0","959.8","24","  8.4","24","  4.1","24"," 12.0"," 18.1","  66.2","*","  41.0","*"," 0.00","I","999.9","100000"
"A5125600451","2023-01-12","36.6985","-93.4022","411.2","BRANSON WEST MUNICIPAL EMERSON FIELD AIRPORT, MO US","  44.4","24","  40.3","24","9999.9"," 0","963.2","24","  6.7","24","  7.6","20"," 19.0"," 28.0","  60.8","*","  32.0","*","99.99"," ","999.9","111010"
"A5125600451","2023-01-13","36.6985","-93.4022","411.2","BRANSON WEST MUNICIPAL EMERSON FIELD AIRPORT, MO US","  28.6","24","  25.2","24","9999.9"," 0","978.1","24","  9.5","24","  7.6","24"," 15.0"," 25.1","  32.0","*","  26.6","*"," 0.00","I","999.9","000000"
"A5125600451","2023-01-14","36.6985","-93.4022","411.2","BRANSON WEST MUNICIPAL EMERSON FIELD AIRPORT, MO US","  28.6","24","  23.6","24","9999.9"," 0","976.4","24","  8.4","24","  2.2","24","  9.9"," 14.0","  46.4","*","  21.2","*"," 0.00","I","999.9","100000"
"A5125600451","2023-01-15","36.6985","-93.4022","411.2","BRANSON WEST MUNICIPAL EMERSON FIELD AIRPORT, MO US","  42.0","24","  32.4","24","9999.9"," 0","966.6","24"," 10.0","24","  7.2","24"," 15.0"," 27.0","  59.0","*","  32.0","*"," 0.00","I","999.9","000000"
"A5125600451","2023-01-16","36.6985","-93.4022","411.2","BRANSON WEST MUNICIPAL EMERSON FIELD AIRPORT, MO US","  58.2","24","  46.3","24","9999.9"," 0","956.7","24"," 10.0","24"," 10.3","24"," 22.0"," 31.1","  68.0","*","  50.0","*"," 0.00","I","999.9","000000"
"A5125600451","2023-01-17","36.6985","-93.4022","411.2","BRANSON WEST MUNICIPAL EMERSON FIELD AIRPORT, MO US","  53.2","24","  34.8","24","9999.9"," 0","959.1","24"," 10.0","24","  2.6","24","  8.0","999.9","  64.4","*","  39.2","*"," 0.00","I","999.9","000000"
"A5125600451","2023-01-18","36.6985","-93.4022","411.2","BRANSON WEST MUNICIPAL EMERSON FIELD AIRPORT, MO US","  53.5","24","  43.0","24","9999.9"," 0","959.2","24","  7.8","24","  5.6","24"," 12.0"," 21.0","  59.0","*","  48.2","*","99.99"," ","999.9","110010"
"A5125600451","2023-01-19","36.6985","-93.4022","411.2","BRANSON WEST MUNICIPAL EMERSON FIELD AIRPORT, MO US","  40.3","24","  33.6","24","9999.9"," 0","959.5","24"," 10.0","24"," 10.6","24"," 22.9"," 29.9","  48.2","*","  33.8","*"," 0.00","I","999.9","000000"
"A5125600451","2023-01-20","36.6985","-93.4022","411.2","BRANSON WEST MUNICIPAL EMERSON FIELD AIRPORT, MO US","  32.1","18","  27.7","18","9999.9"," 0","973.1","18"," 10.0","18","  4.7","18","  7.0","999.9","  37.4","*","  26.6","*"," 0.00","I","999.9","000000"
"A5125600451","2023-01-22","36.6985","-93.4022","411.2","BRANSON WEST MUNICIPAL EMERSON FIELD AIRPORT, MO US","  36.3","24","  35.1","24","9999.9"," 0","963.3","24","  7.1","24","  5.0","24","  9.9"," 14.0","  39.2","*","  33.8","*","99.99"," ","999.9","010000"
"A5125600451","2023-01-23","36.6985","-93.4022","411.2","BRANSON WEST MUNICIPAL EMERSON FIELD AIRPORT, MO US","  35.8","23","  28.2","23","9999.9"," 0","973.1","23","  9.9","23","  4.0","23","  7.0"," 12.0","  46.4","*","  28.4","*"," 0.00","I","999.9","000000"
"A5125600451","2023-01-24","36.6985","-93.4022","411.2","BRANSON WEST MUNICIPAL EMERSON FIELD AIRPORT, MO US","  34.0","24","  29.5","24","9999.9"," 0","973.4","24","  8.9","24","  1.7","24","  7.0"," 11.1","  41.0","*","  30.2","*","99.99"," ","999.9","011000"
"A5125600451","2023-01-25","36.6985","-93.4022","411.2","BRANSON WEST MUNICIPAL EMERSON FIELD AIRPORT, MO US","  32.4","24","  32.0","24","9999.9"," 0","963.2","24","  4.5","24","  7.8","10"," 13.0"," 21.0","  33.8","*","  32.0","*","99.99"," ","999.9","111000"
"A5125600451","2023-01-26","36.6985","-93.4022","411.2","BRANSON WEST MUNICIPAL EMERSON FIELD AIRPORT, MO US","  31.2","17","  22.5","17","9999.9"," 0","972.0","17","  9.9","17","  8.3","17"," 15.0"," 21.0","  33.8","*","  28.4","*"," 0.00","I","999.9","000000"
"A5125600451","2023-01-28","36.6985","-93.4022","411.2","BRANSON WEST MUNICIPAL EMERSON FIELD AIRPORT, MO US","  46.7","24","  32.0","24","9999.9"," 0","968.4","24"," 10.0","24","  6.5","24"," 15.0"," 28.0","  55.4","*","  41.0","*"," 0.00","I","999.9","000000"
"A5125600451","2023-01-29","36.6985","-93.4022","411.2","BRANSON WEST MUNICIPAL EMERSON FIELD AIRPORT, MO US","  38.2","22","  37.3","22","9999.9"," 0","968.7","22","  7.1","22","  5.4","22"," 13.0"," 18.1","  48.2","*","  24.8","*"," 0.00","I","999.9","000000"
"A5125600451","2023-01-30","36.6985","-93.4022","411.2","BRANSON WEST MUNICIPAL EMERSON FIELD AIRPORT, MO US","  21.6","24","  20.7","23","9999.9"," 0","976.1","24","  2.9","24","  6.8","10","  9.9"," 14.0","  24.8","*","  19.4","*","99.99"," ","999.9","101000"
"A5125600451","2023-01-31","36.6985","-93.4022","411.2","BRANSON WEST MUNICIPAL EMERSON FIELD AIRPORT, MO US","  19.1","24","  15.3","24","9999.9"," 0","978.6","24","  8.3","24","999.9"," 0","999.9","999.9","  21.2","*","  17.6","*","99.99"," ","999.9","001000"
"A5125600451","2023-02-01","36.6985","-93.4022","411.2","BRANSON WEST MUNICIPAL EMERSON FIELD AIRPORT, MO US","  22.6","23","  12.5","23","9999.9"," 0","978.4","23"," 10.0","23","  2.9","14","  8.0"," 15.0","  32.0","*","  17.6","*","99.99"," ","999.9","001000"
"A5125600451","2023-02-02","36.6985","-93.4022","411.2","BRANSON WEST MUNICIPAL EMERSON FIELD AIRPORT, MO US","  30.7","24","  18.8","24","9999.9"," 0","976.2","24"," 10.0","24","  1.6","24","  7.0","  9.9","  42.8","*","  24.8","*"," 0.00","I","999.9","000000"
"A5125600451","2023-02-03","36.6985","-93.4022","411.2","BRANSON WEST MUNICIPAL EMERSON FIELD AIRPORT, MO US","  31.2","24","  13.9","24","9999.9"," 0","982.6","23"," 10.0","24","  3.8","24","  9.9"," 15.0","  39.2","*","  19.4","*"," 0.00","I","999.9","000000"
"A5125600451","2023-02-04","36.6985","-93.4022","411.2","BRANSON WEST MUNICIPAL EMERSON FIELD AIRPORT, MO US","  38.7","24","  23.6","24","9999.9"," 0","977.5","24"," 10.0","24","  4.0","24","  9.9"," 15.9","  53.6","*","  32.0","*"," 0.00","I","999.9","000000"
"A5125600451","2023-02-05","36.6985","-93.4022","411.2","BRANSON WEST MUNICIPAL EMERSON FIELD AIRPORT, MO US","  48.2","24","  34.1","24","9999.9"," 0","970.8","24"," 10.0","24","  6.9","24"," 12.0"," 17.1","  62.6","*","  41.0","*"," 0.00","I","999.9","000000"
"A5125600451","2023-02-06","36.6985","-93.4022","411.2","BRANSON WEST MUNICIPAL EMERSON FIELD AIRPORT, MO US","  52.0","24","  37.2","24","9999.9"," 0","968.5","24"," 10.0","24","  6.6","24"," 15.0"," 25.1","  66.2","*","  41.0","*"," 0.00","I","999.9","000000"
"A5125600451","2023-02-07","36.6985","-93.4022","411.2","BRANSON WEST MUNICIPAL EMERSON FIELD AIRPORT, MO US","  50.9","24","  46.6","24","9999.9"," 0","969.0","24","  8.7","24","  4.7","24"," 13.0"," 20.0","  60.8","*","  42.8","*","99.99"," ","999.9","010000"
"A5125600451","2023-02-08","36.6985","-93.4022","411.2","BRANSON WEST MUNICIPAL EMERSON FIELD AIRPORT, MO US","  41.7","24","  41.7","24","9999.9"," 0","971.2","24","  5.3","24","  5.9","24"," 13.0"," 22.0","  46.4","*","  39.2","*","99.99"," ","999.9","110000"
"A5125600451","2023-02-09","36.6985","-93.4022","411.2","BRANSON WEST MUNICIPAL EMERSON FIELD AIRPORT, MO US","  45.5","24","  40.2","24","9999.9"," 0","962.5","24","  7.6","24"," 11.6","24"," 22.0"," 35.9","  53.6","*","  37.4","*","99.99"," ","999.9","110000"
"A5125600451","2023-02-10","36.6985","-93.4022","411.2","BRANSON WEST MUNICIPAL EMERSON FIELD AIRPORT, MO US","  37.9","24","  32.9","24","9999.9"," 0","976.6","24","  9.5","24","  5.6","24"," 14.0"," 19.0","  48.2","*","  33.8","*"," 0.00","I","999.9","000000"
"A5125600451","2023-02-11","36.6985","-93.4022","411.2","BRANSON WEST MUNICIPAL EMERSON FIELD AIRPORT, MO US","  34.4","24","  23.2","24","9999.9"," 0","978.7","24"," 10.0","24","  1.9","24","  7.0","  9.9","  51.8","*","  24.8","*"," 0.00","I","999.9","000000"
"A5125600451","2023-02-12","36.6985","-93.4022","411.2","BRANSON WEST MUNICIPAL EMERSON FIELD AIRPORT, MO US","  40.5","24","  18.8","24","9999.9"," 0","971.4","24"," 10.0","24","  2.2","24","  8.9"," 14.0","  62.6","*","  26.6","*"," 0.00","I","999.9","000000"
"A5125600451","2023-02-13","36.6985","-93.4022","411.2","BRANSON WEST MUNICIPAL EMERSON FIELD AIRPORT, MO US","  50.6","24","  27.3","24","9999.9"," 0","965.6","24"," 10.0","24","  5.4","24","  9.9"," 15.9","  62.6","*","  39.2","*"," 0.00","I","999.9","000000"
"A5125600451","2023-02-14","36.6985","-93.4022","411.2","BRANSON WEST MUNICIPAL EMERSON FIELD AIRPORT, MO US","  52.7","24","  37.7","24","9999.9"," 0","956.2","24","  9.2","24","  8.7","24"," 20.0"," 34.0","  57.2","*","  48.2","*","99.99"," ","999.9","010000"
"A5125600451","2023-02-15","36.6985","-93.4022","411.2","BRANSON WEST MUNICIPAL EMERSON FIELD AIRPORT, MO US","  55.0","24","  37.6","24","9999.9"," 0","958.8","24","  9.2","24","  6.4","24"," 15.9"," 28.0","  68.0","*","  42.8","*"," 0.00","I","999.9","000000"
"A5125600451","2023-02-16","36.6985","-93.4022","411.2","BRANSON WEST MUNICIPAL EMERSON FIELD AIRPORT, MO US","  44.5","24","  37.0","24","9999.9"," 0","963.0","24","  7.6","24","  9.3","24"," 18.1"," 26.0","  64.4","*","  26.6","*","99.99"," ","999.9","110010"
"A5125600451","2023-02-17","36.6985","-93.4022","411.2","BRANSON WEST MUNICIPAL EMERSON FIELD AIRPORT, MO US","  30.3","24","  18.3","24","9999.9"," 0","977.6","24"," 10.0","24","  7.5","24"," 13.0"," 19.0","  42.8","*","  23.0","*"," 0.00","I","999.9","000000"
"A5125600451","2023-02-18","36.6985","-93.4022","411.2","BRANSON WEST MUNICIPAL EMERSON FIELD AIRPORT, MO US","  37.8","24","  15.3","24","9999.9"," 0","979.0","24"," 10.0","24","  3.9","24"," 13.0"," 20.0","  53.6","*","  28.4","*"," 0.00","I","999.9","000000"
"A5125600451","2023-02-19","36.6985","-93.4022","411.2","BRANSON WEST MUNICIPAL EMERSON FIELD AIRPORT, MO US","  47.7","24","  23.5","24","9999.9"," 0","968.2","24"," 10.0","24","  6.5","24"," 14.0"," 21.0","  62.6","*","  37.4","*"," 0.00","I","999.9","000000"
"A5125600451","2023-02-20","36.6985","-93.4022","411.2","BRANSON WEST MUNICIPAL EMERSON FIELD AIRPORT, MO US","  56.6","24","  35.0","24","9999.9"," 0","961.5","24"," 10.0","24","  4.1","24","  9.9"," 14.0","  64.4","*","  50.0","*"," 0.00","I","999.9","000000"
"A5125600451","2023-02-21","36.6985","-93.4022","411.2","BRANSON WEST MUNICIPAL EMERSON FIELD AIRPORT, MO US","  51.3","24","  30.0","24","9999.9"," 0","960.2","24"," 10.0","24","  4.4","24"," 13.0"," 21.0","  60.8","*","  41.0","*"," 0.00","I","999.9","000000"
"A5125600451","2023-02-22","36.6985","-93.4022","411.2","BRANSON WEST MUNICIPAL EMERSON FIELD AIRPORT, MO US","  59.5","24","  48.7","24","9999.9"," 0","951.9","24","  8.9","24","  9.3","24"," 24.1"," 36.9","  68.0","*","  53.6","*","99.99"," ","999.9","010000"
"A5125600451","2023-02-23","36.6985","-93.4022","411.2","BRANSON WEST MUNICIPAL EMERSON FIELD AIRPORT, MO US","  47.1","24","  38.0","24","9999.9"," 0","964.7","24","  9.8","24","  7.6","24"," 18.1"," 25.1","  60.8","*","  32.0","*"," 0.00","I","999.9","000000"
"A5125600451","2023-02-24","36.6985","-93.4022","411.2","BRANSON WEST MUNICIPAL EMERSON FIELD AIRPORT, MO US","  33.0","24","  18.2","24","9999.9"," 0","979.9","24"," 10.0","24","  6.7","24"," 11.1"," 19.0","  46.4","*","  24.8","*"," 0.00","I","999.9","000000"
"A5125600451","2023-02-25","36.6985","-93.4022","411.2","BRANSON WEST MUNICIPAL EMERSON FIELD AIRPORT, MO US","  44.1","24","  31.8","24","9999.9"," 0","976.5","24"," 10.0","24","  3.0","24","  8.9","  9.9","  51.8","*","  39.2","*"," 0.00","I","999.9","000000"
"A5125600451","2023-02-26","36.6985","-93.4022","411.2","BRANSON WEST MUNICIPAL EMERSON FIELD AIRPORT, MO US","  50.4","24","  46.7","24","9999.9"," 0","968.5","24","  5.3","24","  2.4","24","  6.0","  9.9","  57.2","*","  46.4","*","99.99"," ","999.9","110000"
"A5125600451","2023-02-27","36.6985","-93.4022","411.2","BRANSON WEST MUNICIPAL EMERSON FIELD AIRPORT, MO US","  59.0","24","  45.5","24","9999.9"," 0","952.6","24","  7.8","24"," 12.5","24"," 22.0"," 38.1","  69.8","*","  50.0","*","99.99"," ","999.9","110000"
"A5125600451","2023-02-28","36.6985","-93.4022","411.2","BRANSON WEST MUNICIPAL EMERSON FIELD AIRPORT, MO US","  57.4","23","  35.3","23","9999.9"," 0","959.5","23"," 10.0","23","  5.5","23"," 17.1"," 32.1","  78.8","*","  44.6","*"," 0.00","I","999.9","000000"
"A5125600451","2023-03-01","36.6985","-93.4022","411.2","BRANSON WEST MUNICIPAL EMERSON FIELD AIRPORT, MO US","  60.5","19","  33.4","19","9999.9"," 0","959.4","19"," 10.0","19","  6.4","19"," 12.0"," 17.1","  64.4","*","  57.2","*"," 0.00","I","999.9","000000"
"A5125600451","2023-03-02","36.6985","-93.4022","411.2","BRANSON WEST MUNICIPAL EMERSON FIELD AIRPORT, MO US","  50.9","24","  31.5","24","9999.9"," 0","960.4","24","  9.8","24","  7.0","24"," 12.0"," 26.0","  57.2","*","  44.6","*","99.99"," ","999.9","010000"
"A5125600451","2023-03-03","36.6985","-93.4022","411.2","BRANSON WEST MUNICIPAL EMERSON FIELD AIRPORT, MO US","  44.5","24","  43.8","24","9999.9"," 0","951.6","24","  5.8","24","  7.7","24"," 18.1"," 25.1","  48.2","*","  41.0","*","99.99"," ","999.9","010010"
"A5125600451","2023-03-04","36.6985","-93.4022","411.2","BRANSON WEST MUNICIPAL EMERSON FIELD AIRPORT, MO US","  43.2","24","  37.6","24","9999.9"," 0","964.5","24","  6.2","24","  1.2","24","  8.0"," 11.1","  62.6","*","  32.0","*","99.99"," ","999.9","110000"
"A5125600451","2023-03-05","36.6985","-93.4022","411.2","BRANSON WEST MUNICIPAL EMERSON FIELD AIRPORT, MO US","  54.6","24","  40.5","24","9999.9"," 0","968.9","24"," 10.0","24","  6.5","24"," 15.0"," 22.9","  73.4","*","  42.8","*"," 0.00","I","999.9","000000"
"A5125600451","2023-03-06","36.6985","-93.4022","411.2","BRANSON WEST MUNICIPAL EMERSON FIELD AIRPORT, MO US","  65.9","24","  43.2","24","9999.9"," 0","964.5","24"," 10.0","24","  7.9","24"," 14.0"," 20.0","  77.0","*","  60.8","*"," 0.00","I","999.9","000000"
"A5125600451","2023-03-07","36.6985","-93.4022","411.2","BRANSON WEST MUNICIPAL EMERSON FIELD AIRPORT, MO US","  54.3","22","  39.1","22","9999.9"," 0","970.7","22"," 10.0","22","  8.1","22"," 13.0"," 22.9","  66.2","*","  41.0","*"," 0.00","I","999.9","000000"
"A5125600451","2023-03-08","36.6985","-93.4022","411.2","BRANSON WEST MUNICIPAL EMERSON FIELD AIRPORT, MO US","  47.2","24","  40.9","24","9999.9"," 0","972.7","24","  7.8","24","  9.3","24"," 19.0"," 35.9","  57.2","*","  42.8","*","99.99"," ","999.9","010010"
"A5125600451","2023-03-09","36.6985","-93.4022","411.2","BRANSON WEST MUNICIPAL EMERSON FIELD AIRPORT, MO US","  45.0","24","  42.6","24","9999.9"," 0","970.6","24","  7.6","24","  4.8","24"," 11.1"," 17.1","  50.0","*","  42.8","*","99.99"," ","999.9","110000"
"A5125600451","2023-03-10","36.6985","-93.4022","411.2","BRANSON WEST MUNICIPAL EMERSON FIELD AIRPORT, MO US","  43.5","24","  35.9","24","9999.9"," 0","972.5","24"," 10.0","24","  6.1","24"," 11.1"," 18.1","  50.0","*","  39.2","*"," 0.00","I","999.9","000000"
"A5125600451","2023-03-11","36.6985","-93.4022","411.2","BRANSON WEST MUNICIPAL EMERSON FIELD AIRPORT, MO US","  41.1","24","  35.9","24","9999.9"," 0","963.6","24","  7.0","24","  8.9","24"," 20.0"," 28.9","  46.4","*","  37.4","*","99.99"," ","999.9","010000"
"A5125600451","2023-03-12","36.6985","-93.4022","411.2","BRANSON WEST MUNICIPAL EMERSON FIELD AIRPORT, MO US","  43.2","24","  38.4","24","9999.9"," 0","963.4","24","  7.8","24","  7.0","24"," 13.0"," 19.0","  50.0","*","  37.4","*","99.99"," ","999.9","010000"
"A5125600451","2023-03-13","36.6985","-93.4022","411.2","BRANSON WEST MUNICIPAL EMERSON FIELD AIRPORT, MO US","  34.6","24","  25.0","24","9999.9"," 0","973.7","24"," 10.0","24","  5.8","24"," 13.0"," 19.0","  41.0","*","  26.6","*"," 0.00","I","999.9","000000"
"A5125600451","2023-03-14","36.6985","-93.4022","411.2","BRANSON WEST MUNICIPAL EMERSON FIELD AIRPORT, MO US","  32.8","24","  20.8","24","9999.9"," 0","978.0","24"," 10.0","24","  3.4","24","  8.0"," 12.0","  48.2","*","  21.2","*"," 0.00","I","999.9","000000"
"A5125600451","2023-03-15","36.6985","-93.4022","411.2","BRANSON WEST MUNICIPAL EMERSON FIELD AIRPORT, MO US","  44.8","24","  24.5","24","9999.9"," 0","974.4","24"," 10.0","24","  4.8","24"," 13.0"," 22.0","  62.6","*","  32.0","*"," 0.00","I","999.9","000000"
"A5125600451","2023-03-16","36.6985","-93.4022","411.2","BRANSON WEST MUNICIPAL EMERSON FIELD AIRPORT, MO US","  52.3","24","  40.2","24","9999.9"," 0","962.3","24","  9.1","24","  7.2","24"," 15.9"," 25.1","  60.8","*","  44.6","*","99.99"," ","999.9","110000"
"A5125600451","2023-03-17","36.6985","-93.4022","411.2","BRANSON WEST MUNICIPAL EMERSON FIELD AIRPORT, MO US","  37.2","24","  27.0","24","9999.9"," 0","966.9","24","  8.9","24"," 10.6","24"," 18.1"," 27.0","  57.2","*","  26.6","*","99.99"," ","999.9","010000"
"A5125600451","2023-03-18","36.6985","-93.4022","411.2","BRANSON WEST MUNICIPAL EMERSON FIELD AIRPORT, MO US","  31.8","24","  17.0","24","9999.9"," 0","974.6","24"," 10.0","24","  7.1","22"," 18.1"," 25.1","  39.2","*","  26.6","*"," 0.00","I","999.9","000000"
"A5125600451","2023-03-19","36.6985","-93.4022","411.2","BRANSON WEST MUNICIPAL EMERSON FIELD AIRPORT, MO US","  28.7","24","   8.4","24","9999.9"," 0","980.8","22"," 10.0","22","  5.3","24"," 12.0"," 18.1","  42.8","*","  17.6","*","99.99"," ","999.9","010000"
"A5125600451","2023-03-20","36.6985","-93.4022","411.2","BRANSON WEST MUNICIPAL EMERSON FIELD AIRPORT, MO US","  39.0","24","  12.3","24","9999.9"," 0","975.0","24"," 10.0","24","  3.7","24"," 13.0"," 19.0","  57.2","*","  24.8","*"," 0.00","I","999.9","000000"
"A5125600451","2023-03-21","36.6985","-93.4022","411.2","BRANSON WEST MUNICIPAL EMERSON FIELD AIRPORT, MO US","  44.8","24","  29.7","24","9999.9"," 0","969.1","24","  6.9","24","  7.4","24"," 12.0"," 20.0","  51.8","*","  39.2","*","99.99"," ","999.9","010000"
"A5125600451","2023-03-22","36.6985","-93.4022","411.2","BRANSON WEST MUNICIPAL EMERSON FIELD AIRPORT, MO US","  53.8","24","  50.5","24","9999.9"," 0","966.0","24","  4.3","24","  6.6","24"," 13.0"," 24.1","  75.2","*","  42.8","*","99.99"," ","999.9","110000"
"A5125600451","2023-03-23","36.6985","-93.4022","411.2","BRANSON WEST MUNICIPAL EMERSON FIELD AIRPORT, MO US","  67.8","24","  61.8","24","9999.9"," 0","964.5","24","  9.2","24","  7.1","24"," 14.0"," 29.9","  71.6","*","  57.2","*","99.99"," ","999.9","110010"
"A5125600451","2023-03-24","36.6985","-93.4022","411.2","BRANSON WEST MUNICIPAL EMERSON FIELD AIRPORT, MO US","  48.6","24","  48.6","24","9999.9"," 0","960.6","24","  3.6","24","  5.9","24"," 22.0"," 27.0","  55.4","*","  44.6","*","99.99"," ","999.9","110010"
"A5125600451","2023-03-25","36.6985","-93.4022","411.2","BRANSON WEST MUNICIPAL EMERSON FIELD AIRPORT, MO US","  48.6","24","  43.6","24","9999.9"," 0","958.9","24","  8.6","24","  7.8","24"," 14.0"," 22.9","  59.0","*","  42.8","*","99.99"," ","999.9","110000"
"A5125600451","2023-03-26","36.6985","-93.4022","411.2","BRANSON WEST MUNICIPAL EMERSON FIELD AIRPORT, MO US","  53.5","24","  39.9","24","9999.9"," 0","964.4","24","  9.6","24","  3.9","24"," 12.0"," 19.0","  66.2","*","  41.0","*"," 0.00","I","999.9","000000"
"A5125600451","2023-03-27","36.6985","-93.4022","411.2","BRANSON WEST MUNICIPAL EMERSON FIELD AIRPORT, MO US","  45.7","24","  33.4","24","9999.9"," 0","970.6","24","  9.0","24","  6.6","24"," 14.0"," 24.1","  57.2","*","  32.0","*","99.99"," ","999.9","010000"
"A5125600451","2023-03-28","36.6985","-93.4022","411.2","BRANSON WEST MUNICIPAL EMERSON FIELD AIRPORT, MO US","  46.4","24","  30.9","24","9999.9"," 0","976.0","24"," 10.0","24","  6.0","24"," 14.0"," 15.9","  53.6","*","  39.2","*"," 0.00","I","999.9","000000"
"A5125600451","2023-03-29","36.6985","-93.4022","411.2","BRANSON WEST MUNICIPAL EMERSON FIELD AIRPORT, MO US","  46.3","24","  30.8","24","9999.9"," 0","975.7","24"," 10.0","24","  3.7","24"," 11.1"," 15.9","  64.4","*","  35.6","*"," 0.00","I","999.9","000000"
"A5125600451","2023-03-30","36.6985","-93.4022","411.2","BRANSON WEST MUNICIPAL EMERSON FIELD AIRPORT, MO US","  54.7","20","  35.6","20","9999.9"," 0","970.7","20","  9.6","20","  4.8","20"," 11.1"," 15.9","  66.2","*","  48.2","*"," 0.00","I","999.9","000000"
"A5125600451","2023-03-31","36.6985","-93.4022","411.2","BRANSON WEST MUNICIPAL EMERSON FIELD AIRPORT, MO US","  64.4","23","  55.5","23","9999.9"," 0","959.5","23","  9.1","23"," 10.8","23"," 26.0"," 44.1","  80.6","*","  53.6","*","99.99"," ","999.9","010010"
"A5125600451","2023-04-01","36.6985","-93.4022","411.2","BRANSON WEST MUNICIPAL EMERSON FIELD AIRPORT, MO US","  52.9"," 8","  23.2"," 8","9999.9"," 0","963.1"," 8"," 10.0"," 8"," 13.9"," 8"," 24.1"," 31.1","  62.6","*","  41.0","*"," 0.00","I","999.9","000000"
"A5125600451","2023-04-03","36.6985","-93.4022","411.2","BRANSON WEST MUNICIPAL EMERSON FIELD AIRPORT, MO US","  69.0","20","  51.3","20","9999.9"," 0","956.9","20"," 10.0","20","  6.5","20"," 15.9"," 27.0","  86.0","*","  55.4","*","99.99"," ","999.9","010000"
"A5125600451","2023-04-04","36.6985","-93.4022","411.2","BRANSON WEST MUNICIPAL EMERSON FIELD AIRPORT, MO US","  74.6","24","  61.3","24","9999.9"," 0","954.9","24","  9.6","24","  7.7","24"," 14.0"," 26.0","  82.4","*","  69.8","*","99.99"," ","999.9","010000"
"A5125600451","2023-04-05","36.6985","-93.4022","411.2","BRANSON WEST MUNICIPAL EMERSON FIELD AIRPORT, MO US","  62.0","24","  52.6","24","9999.9"," 0","959.9","24","  9.7","24","  9.6","24"," 27.0"," 41.0","  75.2","*","  42.8","*","99.99"," ","999.9","010010"
"A5125600451","2023-04-06","36.6985","-93.4022","411.2","BRANSON WEST MUNICIPAL EMERSON FIELD AIRPORT, MO US","  46.8","24","  27.6","24","9999.9"," 0","977.3","24"," 10.0","24","  4.2","24"," 12.0"," 20.0","  57.2","*","  37.4","*"," 0.00","I","999.9","000000"
"A5125600451","2023-04-07","36.6985","-93.4022","411.2","BRANSON WEST MUNICIPAL EMERSON FIELD AIRPORT, MO US","  50.1","24","  22.3","24","9999.9"," 0","979.7","24"," 10.0","24","  6.3","24","  9.9"," 17.1","  62.6","*","  41.0","*"," 0.00","I","999.9","000000"
"A5125600451","2023-04-08","36.6985","-93.4022","411.2","BRANSON WEST MUNICIPAL EMERSON FIELD AIRPORT, MO US","  55.2","24","  19.8","24","9999.9"," 0","975.4","24"," 10.0","24","  3.9","24"," 11.1"," 18.1","  69.8","*","  44.6","*"," 0.00","I","999.9","000000"
"A5125600451","2023-04-09","36.6985","-93.4022","411.2","BRANSON WEST MUNICIPAL EMERSON FIELD AIRPORT, MO US","  57.6","24","  41.7","24","9999.9"," 0","975.5","24"," 10.0","24","  6.2","24"," 13.0"," 19.0","  64.4","*","  48.2","*"," 0.00","I","999.9","000000"
"A5125600451","2023-04-10","36.6985","-93.4022","411.2","BRANSON WEST MUNICIPAL EMERSON FIELD AIRPORT, MO US","  59.0","24","  47.9","24","9999.9"," 0","976.7","24"," 10.0","24","  3.9","24"," 11.1"," 17.1","  71.6","*","  48.2","*"," 0.00","I","999.9","000000"
"A5125600451","2023-04-11","36.6985","-93.4022","411.2","BRANSON WEST MUNICIPAL EMERSON FIELD AIRPORT, MO US","  65.4","24","  44.5","24","9999.9"," 0","976.2","24"," 10.0","19","  3.1","24","  8.0"," 14.0","  75.2","*","  55.4","*"," 0.00","I","999.9","000000"
"A5125600451","2023-04-12","36.6985","-93.4022","411.2","BRANSON WEST MUNICIPAL EMERSON FIELD AIRPORT, MO US","  67.2","21","  40.6","21","9999.9"," 0","971.7","20"," 10.0","19","  3.5","17","  9.9"," 15.9","  77.0","*","  53.6","*"," 0.00","I","999.9","000000"
"A5125600451","2023-04-13","36.6985","-93.4022","411.2","BRANSON WEST MUNICIPAL EMERSON FIELD AIRPORT, MO US","  67.8","21","  41.9","21","9999.9"," 0","964.4","21"," 10.0","18","  2.4","20","  8.0"," 14.0","  75.2","*","  57.2","*"," 0.00","I","999.9","000000"
"A5125600451","2023-04-14","36.6985","-93.4022","411.2","BRANSON WEST MUNICIPAL EMERSON FIELD AIRPORT, MO US","  69.5","21","  40.6","21","9999.9"," 0","959.5","19"," 10.0","18","  4.3","19","  9.9"," 19.0","  80.6","*","  55.4","*"," 0.00","I","999.9","000000"
"A5125600451","2023-04-15","36.6985","-93.4022","411.2","BRANSON WEST MUNICIPAL EMERSON FIELD AIRPORT, MO US","  69.2","24","  51.3","24","9999.9"," 0","959.6","24","  9.9","24","  6.6","24"," 17.1"," 28.0","  82.4","*","  51.8","*","99.99"," ","999.9","010010"
"A5125600451","2023-04-16","36.6985","-93.4022","411.2","BRANSON WEST MUNICIPAL EMERSON FIELD AIRPORT, MO US","  49.0","19","  33.0","19","9999.9"," 0","968.5","18"," 10.0"," 5"," 12.7","17"," 22.0"," 38.1","  60.8","*","  42.8","*","99.99"," ","999.9","010000"
"A5125600451","2023-04-17","36.6985","-93.4022","411.2","BRANSON WEST MUNICIPAL EMERSON FIELD AIRPORT, MO US","  72.3"," 5","  25.9"," 5","9999.9"," 0","965.8"," 4"," 10.0"," 4","  7.4"," 5"," 12.0"," 18.1","  73.4","*","  69.8","*"," 0.00","I","999.9","000000"
"A5125600451","2023-04-18","36.6985","-93.4022","411.2","BRANSON WEST MUNICIPAL EMERSON FIELD AIRPORT, MO US","  68.6","17","  36.2","17","9999.9"," 0","963.2","16"," 10.0","15","  6.3","15"," 17.1"," 22.9","  82.4","*","  55.4","*"," 0.00","I","999.9","000000"
"A5125600451","2023-04-19","36.6985","-93.4022","411.2","BRANSON WEST MUNICIPAL EMERSON FIELD AIRPORT, MO US","  68.2","21","  50.4","21","9999.9"," 0","962.3","20"," 10.0","20","  6.6","21"," 15.0"," 28.0","  77.0","*","  59.0","*"," 0.00","I","999.9","000000"
"A5125600451","2023-04-20","36.6985","-93.4022","411.2","BRANSON WEST MUNICIPAL EMERSON FIELD AIRPORT, MO US","  70.0","24","  58.9","24","9999.9"," 0","962.5","23","  9.6","21","  7.5","19"," 14.0"," 27.0","  75.2","*","  60.8","*","99.99"," ","999.9","010010"
"A5125600451","2023-04-21","36.6985","-93.4022","411.2","BRANSON WEST MUNICIPAL EMERSON FIELD AIRPORT, MO US","  61.1","11","  34.6","11","9999.9"," 0","967.9","11"," 10.0","10","  5.7","11"," 13.0"," 22.0","  66.2","*","  53.6","*"," 0.00","I","999.9","000000"
"A5125600451","2023-04-22","36.6985","-93.4022","411.2","BRANSON WEST MUNICIPAL EMERSON FIELD AIRPORT, MO US","  49.2","24","  26.4","24","9999.9"," 0","968.6","24"," 10.0","24","  5.9","24"," 14.0"," 26.0","  62.6","*","  41.0","*"," 0.00","I","999.9","000000"
"A5125600451","2023-04-23","36.6985","-93.4022","411.2","BRANSON WEST MUNICIPAL EMERSON FIELD AIRPORT, MO US","  46.2","24","  25.6","24","9999.9"," 0","972.3","24"," 10.0","24","  3.1","24"," 12.0"," 22.9","  57.2","*","  32.0","*"," 0.00","I","999.9","000000"
"A5125600451","2023-04-24","36.6985","-93.4022","411.2","BRANSON WEST MUNICIPAL EMERSON FIELD AIRPORT, MO US","  50.5","24","  24.0","24","9999.9"," 0","972.9","24"," 10.0","24","  4.1","24","  9.9"," 19.0","  64.4","*","  37.4","*"," 0.00","I","999.9","000000"
"A5125600451","2023-04-25","36.6985","-93.4022","411.2","BRANSON WEST MUNICIPAL EMERSON FIELD AIRPORT, MO US","  53.4","24","  37.7","24","9999.9"," 0","970.7","24","  8.6","24","  5.6","24"," 11.1"," 22.9","  60.8","*","  44.6","*","99.99"," ","999.9","010000"
"A5125600451","2023-04-26","36.6985","-93.4022","411.2","BRANSON WEST MUNICIPAL EMERSON FIELD AIRPORT, MO US","  55.1","24","  40.6","24","9999.9"," 0","969.7","24"," 10.0","24","  3.6","24","  9.9"," 18.1","  62.6","*","  50.0","*"," 0.00","I","999.9","000000"
"A5125600451","2023-04-27","36.6985","-93.4022","411.2","BRANSON WEST MUNICIPAL EMERSON FIELD AIRPORT, MO US","  55.4","24","  44.7","24","9999.9"," 0","964.4","24","  8.5","24","  5.2","24"," 14.0"," 22.0","  60.8","*","  50.0","*","99.99"," ","999.9","110000"
"A5125600451","2023-04-28","36.6985","-93.4022","411.2","BRANSON WEST MUNICIPAL EMERSON FIELD AIRPORT, MO US","  54.9","24","  50.8","24","9999.9"," 0","961.6","24","  7.1","24","  1.3","24","  8.0","  9.9","  62.6","*","  50.0","*"," 0.00","I","999.9","100000"
"A5125600451","2023-04-29","36.6985","-93.4022","411.2","BRANSON WEST MUNICIPAL EMERSON FIELD AIRPORT, MO US","  57.0","24","  48.9","24","9999.9"," 0","962.7","24","  9.1","24","  5.8","24"," 14.0"," 20.0","  66.2","*","  53.6","*","99.99"," ","999.9","010000"
"A5125600451","2023-04-30","36.6985","-93.4022","411.2","BRANSON WEST MUNICIPAL EMERSON FIELD AIRPORT, MO US","  53.7","22","  35.7","22","9999.9"," 0","961.5","22"," 10.0","22","  8.5","22"," 20.0"," 33.0","  62.6","*","  41.0","*"," 0.00","I","999.9","000000"
"A5125600451","2023-05-01","36.6985","-93.4022","411.2","BRANSON WEST MUNICIPAL EMERSON FIELD AIRPORT, MO US","  53.0","24","  26.3","24","9999.9"," 0","963.3","24"," 10.0","24","  9.0","24"," 18.1"," 27.0","  64.4","*","  42.8","*"," 0.00","I","999.9","000000"
"A5125600451","2023-05-02","36.6985","-93.4022","411.2","BRANSON WEST MUNICIPAL EMERSON FIELD AIRPORT, MO US","  54.2","24","  27.5","24","9999.9"," 0","964.4","24"," 10.0","24","  6.5","24"," 14.0"," 22.9","  66.2","*","  42.8","*"," 0.00","I","999.9","000000"
"A5125600451","2023-05-03","36.6985","-93.4022","411.2","BRANSON WEST MUNICIPAL EMERSON FIELD AIRPORT, MO US","  56.5","24","  30.6","24","9999.9"," 0","966.7","24"," 10.0","24","  3.1","24","  9.9"," 15.9","  71.6","*","  39.2","*"," 0.00","I","999.9","000000"
"A5125600451","2023-05-04","36.6985","-93.4022","411.2","BRANSON WEST MUNICIPAL EMERSON FIELD AIRPORT, MO US","  57.1","24","  41.7","24","9999.9"," 0","966.4","24","  8.9","24","  1.0","24","  6.0"," 15.9","  68.0","*","  46.4","*","99.99"," ","999.9","010000"
"A5125600451","2023-05-05","36.6985","-93.4022","411.2","BRANSON WEST MUNICIPAL EMERSON FIELD AIRPORT, MO US","  56.6","24","  55.4","24","9999.9"," 0","965.4","24","  8.3","24","  7.5","24"," 14.0"," 21.0","  60.8","*","  53.6","*","99.99"," ","999.9","010000"
"A5125600451","2023-05-06","36.6985","-93.4022","411.2","BRANSON WEST MUNICIPAL EMERSON FIELD AIRPORT, MO US","  68.9","24","  63.3","24","9999.9"," 0","964.9","24","  4.3","24","  7.9","24"," 15.0"," 20.0","  87.8","*","  59.0","*","99.99"," ","999.9","110000"
"A5125600451","2023-05-07","36.6985","-93.4022","411.2","BRANSON WEST MUNICIPAL EMERSON FIELD AIRPORT, MO US","  76.9","24","  63.7","24","9999.9"," 0","965.4","24","  9.6","24","  5.2","24"," 12.0"," 18.1","  84.2","*","  69.8","*","99.99"," ","999.9","010000"
"A5125600451","2023-05-08","36.6985","-93.4022","411.2","BRANSON WEST MUNICIPAL EMERSON FIELD AIRPORT, MO US","  75.6","24","  66.2","24","9999.9"," 0","963.7","24","  8.4","24","  5.6","24"," 11.1"," 17.1","  87.8","*","  66.2","*","99.99"," ","999.9","010000"
"A5125600451","2023-05-09","36.6985","-93.4022","411.2","BRANSON WEST MUNICIPAL EMERSON FIELD AIRPORT, MO US","  74.7","24","  65.6","24","9999.9"," 0","966.6","24","  9.2","24","  3.8","24"," 18.1"," 29.9","  86.0","*","  62.6","*","99.99"," ","999.9","010010"
"A5125600451","2023-05-10","36.6985","-93.4022","411.2","BRANSON WEST MUNICIPAL EMERSON FIELD AIRPORT, MO US","  68.9","24","  64.4","24","9999.9"," 0","968.2","24","  9.3","24","  6.4","24"," 20.0"," 31.1","  78.8","*","  60.8","*","99.99"," ","999.9","010010"
"A5125600451","2023-05-11","36.6985","-93.4022","411.2","BRANSON WEST MUNICIPAL EMERSON FIELD AIRPORT, MO US","  66.6","24","  65.5","24","9999.9"," 0","964.4","24","  5.6","24","  7.8","24"," 12.0"," 21.0","  75.2","*","  64.4","*","99.99"," ","999.9","010000"
"A5125600451","2023-05-12","36.6985","-93.4022","411.2","BRANSON WEST MUNICIPAL EMERSON FIELD AIRPORT, MO US","  69.4","24","  66.9","24","9999.9"," 0","965.3","24","  8.3","24","  5.9","24"," 11.1"," 18.1","  78.8","*","  62.6","*","99.99"," ","999.9","010010"
"A5125600451","2023-05-13","36.6985","-93.4022","411.2","BRANSON WEST MUNICIPAL EMERSON FIELD AIRPORT, MO US","  72.1","24","  68.3","24","9999.9"," 0","968.0","24","  7.9","24","  3.7","24"," 20.0"," 35.0","  86.0","*","  60.8","*","99.99"," ","999.9","110010"
"A5125600451","2023-05-14","36.6985","-93.4022","411.2","BRANSON WEST MUNICIPAL EMERSON FIELD AIRPORT, MO US","  70.5","24","  67.2","24","9999.9"," 0","972.4","24","  8.3","24","  1.5","24","  7.0"," 15.9","  82.4","*","  64.4","*","99.99"," ","999.9","010000"
"A5125600451","2023-05-15","36.6985","-93.4022","411.2","BRANSON WEST MUNICIPAL EMERSON FIELD AIRPORT, MO US","  71.8","24","  68.9","24","9999.9"," 0","972.6","24","  8.0","24","  2.4","24"," 12.0"," 17.1","  82.4","*","  66.2","*","99.99"," ","999.9","110010"
"A5125600451","2023-05-16","36.6985","-93.4022","411.2","BRANSON WEST MUNICIPAL EMERSON FIELD AIRPORT, MO US","  65.5","24","  64.8","24","9999.9"," 0","968.5","24","  5.9","24","  3.5","24","  9.9"," 12.0","  69.8","*","  62.6","*","99.99"," ","999.9","110000"
"A5125600451","2023-05-17","36.6985","-93.4022","411.2","BRANSON WEST MUNICIPAL EMERSON FIELD AIRPORT, MO US","  62.8","19","  60.5","19","9999.9"," 0","966.1","19","  7.4","19","  2.7","19","  6.0"," 11.1","  71.6","*","  60.8","*","99.99"," ","999.9","010000"
"A5125600451","2023-05-18","36.6985","-93.4022","411.2","BRANSON WEST MUNICIPAL EMERSON FIELD AIRPORT, MO US","  70.3","11","  58.0","11","9999.9"," 0","967.2","11","  8.9","11","  2.6","11","  6.0"," 11.1","  78.8","*","  57.2","*"," 0.00","I","999.9","100000"
"A5125600451","2023-05-19","36.6985","-93.4022","411.2","BRANSON WEST MUNICIPAL EMERSON FIELD AIRPORT, MO US","  65.9","12","  55.9","12","9999.9"," 0","967.3","12"," 10.0","12","  1.6","12","  5.1","999.9","  71.6","*","  60.8","*"," 0.00","I","999.9","000000"
"A5125600451","2023-05-20","36.6985","-93.4022","411.2","BRANSON WEST MUNICIPAL EMERSON FIELD AIRPORT, MO US","  64.5","12","  49.7","12","9999.9"," 0","974.0","12","  9.9","12","  6.8","12","  9.9"," 13.0","  69.8","*","  53.6","*"," 0.00","I","999.9","000000"
"A5125600451","2023-05-21","36.6985","-93.4022","411.2","BRANSON WEST MUNICIPAL EMERSON FIELD AIRPORT, MO US","  61.2","24","  50.6","24","9999.9"," 0","973.2","24"," 10.0","24","  1.9","24","  7.0"," 11.1","  73.4","*","  50.0","*"," 0.00","I","999.9","000000"
"A5125600451","2023-05-22","36.6985","-93.4022","411.2","BRANSON WEST MUNICIPAL EMERSON FIELD AIRPORT, MO US","  64.1","24","  51.3","24","9999.9"," 0","970.2","24","  9.6","24","  1.3","24","  8.0"," 11.1","  77.0","*","  50.0","*","99.99"," ","999.9","010000"
"A5125600451","2023-05-23","36.6985","-93.4022","411.2","BRANSON WEST MUNICIPAL EMERSON FIELD AIRPORT, MO US","  67.1","24","  53.2","24","9999.9"," 0","969.1","24","  9.8","24","  2.1","24","  7.0"," 13.0","  78.8","*","  53.6","*"," 0.00","I","999.9","000000"
"A5125600451","2023-05-24","36.6985","-93.4022","411.2","BRANSON WEST MUNICIPAL EMERSON FIELD AIRPORT, MO US","  71.8","24","  60.3","24","9999.9"," 0","969.6","24","  9.5","24","  3.7","24","  9.9"," 15.9","  80.6","*","  62.6","*"," 0.00","I","999.9","000000"
"A5125600451","2023-05-25","36.6985","-93.4022","411.2","BRANSON WEST MUNICIPAL EMERSON FIELD AIRPORT, MO US","  70.4","24","  56.3","24","9999.9"," 0","969.5","24","  9.8","24","  1.8","24","  8.9"," 15.0","  80.6","*","  59.0","*"," 0.00","I","999.9","000000"
"A5125600451","2023-05-26","36.6985","-93.4022","411.2","BRANSON WEST MUNICIPAL EMERSON FIELD AIRPORT, MO US","  70.3","24","  52.2","24","9999.9"," 0","971.6","24"," 10.0","24","  2.7","24","  7.0"," 13.0","  78.8","*","  62.6","*","99.99"," ","999.9","010000"
"A5125600451","2023-05-27","36.6985","-93.4022","411.2","BRANSON WEST MUNICIPAL EMERSON FIELD AIRPORT, MO US","  68.3","23","  43.8","23","9999.9"," 0","972.2","23"," 10.0","23","  3.7","23","  7.0"," 12.0","  78.8","*","  55.4","*"," 0.00","I","999.9","000000"
"A5125600451","2023-05-28","36.6985","-93.4022","411.2","BRANSON WEST MUNICIPAL EMERSON FIELD AIRPORT, MO US","  67.1","24","  49.1","24","9999.9"," 0","970.2","24"," 10.0","24","  1.4","24","  6.0"," 11.1","  80.6","*","  51.8","*"," 0.00","I","999.9","000000"
"A5125600451","2023-05-29","36.6985","-93.4022","411.2","BRANSON WEST MUNICIPAL EMERSON FIELD AIRPORT, MO US","  70.5","24","  52.4","24","9999.9"," 0","967.8","24"," 10.0","24","  0.3","24","  5.1","999.9","  82.4","*","  57.2","*"," 0.00","I","999.9","000000"
"A5125600451","2023-05-30","36.6985","-93.4022","411.2","BRANSON WEST MUNICIPAL EMERSON FIELD AIRPORT, MO US","  71.8","24","  60.6","24","9999.9"," 0","966.6","24","  9.8","24","  1.3","24","  9.9","999.9","  80.6","*","  62.6","*","99.99"," ","999.9","010000"
"A5125600451","2023-05-31","36.6985","-93.4022","411.2","BRANSON WEST MUNICIPAL EMERSON FIELD AIRPORT, MO US","  72.4","23","  64.2","23","9999.9"," 0","966.6","23","  9.7","23","  1.0","23","  6.0"," 11.1","  80.6","*","  64.4","*","99.99"," ","999.9","010010"
"A5125600451","2023-06-01","36.6985","-93.4022","411.2","BRANSON WEST MUNICIPAL EMERSON FIELD AIRPORT, MO US","  74.9","24","  64.6","24","9999.9"," 0","967.1","24","  9.8","24","  3.9","24","  8.0"," 14.0","  84.2","*","  66.2","*"," 0.00","I","999.9","000000"
"A5125600451","2023-06-02","36.6985","-93.4022","411.2","BRANSON WEST MUNICIPAL EMERSON FIELD AIRPORT, MO US","  76.3","24","  63.6","24","9999.9"," 0","967.7","24","  9.9","24","  2.1","24","  7.0"," 12.0","  87.8","*","  64.4","*","99.99"," ","999.9","010000"
"A5125600451","2023-06-03","36.6985","-93.4022","411.2","BRANSON WEST MUNICIPAL EMERSON FIELD AIRPORT, MO US","  76.3","24","  62.6","24","9999.9"," 0","965.4","24"," 10.0","24","  3.5","24","  9.9"," 18.1","  87.8","*","  66.2","*"," 0.00","I","999.9","000000"
"A5125600451","2023-06-04","36.6985","-93.4022","411.2","BRANSON WEST MUNICIPAL EMERSON FIELD AIRPORT, MO US","  73.2","24","  61.8","24","9999.9"," 0","965.6","24","  9.4","24","  2.1","24","  8.0"," 15.0","  87.8","*","  59.0","*"," 0.00","I","999.9","000000"
"A5125600451","2023-06-05","36.6985","-93.4022","411.2","BRANSON WEST MUNICIPAL EMERSON FIELD AIRPORT, MO US","  74.2","24","  61.9","24","9999.9"," 0","967.0","24","  9.1","24","  1.5","24"," 13.0"," 27.0","  89.6","*","  60.8","*","99.99"," ","999.9","010000"
"A5125600451","2023-06-06","36.6985","-93.4022","411.2","BRANSON WEST MUNICIPAL EMERSON FIELD AIRPORT, MO US","  73.6","24","  59.0","24","9999.9"," 0","967.6","24","  9.0","24","  2.4","24","  7.0","999.9","  84.2","*","  60.8","*","99.99"," ","999.9","010000"
"A5125600451","2023-06-07","36.6985","-93.4022","411.2","BRANSON WEST MUNICIPAL EMERSON FIELD AIRPORT, MO US","  72.2","24","  59.8","24","9999.9"," 0","964.5","24","  7.2","24","  2.5","24","  8.0"," 13.0","  89.6","*","  57.2","*"," 0.00","I","999.9","100000"
"A5125600451","2023-06-08","36.6985","-93.4022","411.2","BRANSON WEST MUNICIPAL EMERSON FIELD AIRPORT, MO US","  74.6","24","  67.0","24","9999.9"," 0","962.2","24","  8.9","24","  1.9","24"," 11.1"," 15.0","  84.2","*","  68.0","*","99.99"," ","999.9","010000"
"A5125600451","2023-06-09","36.6985","-93.4022","411.2","BRANSON WEST MUNICIPAL EMERSON FIELD AIRPORT, MO US","  69.8","21","  66.7","21","9999.9"," 0","963.7","21","  6.1","21","  3.9","21","  8.0"," 15.0","  78.8","*","  62.6","*","99.99"," ","999.9","110010"
"A5125600451","2023-06-10","36.6985","-93.4022","411.2","BRANSON WEST MUNICIPAL EMERSON FIELD AIRPORT, MO US","  74.2","11","  67.3","11","9999.9"," 0","960.5","11","  7.6","11","  3.9","11","  8.0"," 11.1","  78.8","*","  68.0","*","99.99"," ","999.9","010010"
"A5125600451","2023-06-11","36.6985","-93.4022","411.2","BRANSON WEST MUNICIPAL EMERSON FIELD AIRPORT, MO US","  70.9","24","  66.7","24","9999.9"," 0","959.6","24","  9.0","24","  4.3","24"," 15.9"," 29.9","  82.4","*","  64.4","*","99.99"," ","999.9","010010"
"A5125600451","2023-06-12","36.6985","-93.4022","411.2","BRANSON WEST MUNICIPAL EMERSON FIELD AIRPORT, MO US","  64.2","24","  58.2","24","9999.9"," 0","965.8","24","  6.4","24","  3.9","24","  8.9"," 14.0","  73.4","*","  57.2","*"," 0.00","I","999.9","100000"
"A5125600451","2023-06-13","36.6985","-93.4022","411.2","BRANSON WEST MUNICIPAL EMERSON FIELD AIRPORT, MO US","  67.3","24","  56.1","24","9999.9"," 0","964.9","24","  9.7","24","  2.3","24","  8.0"," 11.1","  80.6","*","  57.2","*"," 0.00","I","999.9","000000"
"A5125600451","2023-06-14","36.6985","-93.4022","411.2","BRANSON WEST MUNICIPAL EMERSON FIELD AIRPORT, MO US","  69.3","24","  60.4","24","9999.9"," 0","960.6","24","  8.7","24","  2.5","24"," 17.1"," 25.1","  80.6","*","  60.8","*","99.99"," ","999.9","010000"
"A5125600451","2023-06-15","36.6985","-93.4022","411.2","BRANSON WEST MUNICIPAL EMERSON FIELD AIRPORT, MO US","  72.3","24","  61.7","24","9999.9"," 0","960.7","24","  9.8","24","  1.8","24","  6.0","999.9","  84.2","*","  60.8","*"," 0.00","I","999.9","000000"
"A5125600451","2023-06-16","36.6985","-93.4022","411.2","BRANSON WEST MUNICIPAL EMERSON FIELD AIRPORT, MO US","  73.4","24","  64.9","24","9999.9"," 0","962.6","24","  9.8","24","  2.3","24","  9.9"," 12.0","  82.4","*","  66.2","*","99.99"," ","999.9","010000"
"A5125600451","2023-06-17","36.6985","-93.4022","411.2","BRANSON WEST MUNICIPAL EMERSON FIELD AIRPORT, MO US","  71.3","24","  65.0","24","9999.9"," 0","965.5","24","  6.9","24","  2.0","24","  9.9"," 15.0","  86.0","*","  60.8","*","99.99"," ","999.9","110000"
"A5125600451","2023-06-18","36.6985","-93.4022","411.2","BRANSON WEST MUNICIPAL EMERSON FIELD AIRPORT, MO US","  72.3","24","  65.4","24","9999.9"," 0","960.5","24","  9.1","24","  5.3","24"," 14.0"," 22.0","  82.4","*","  62.6","*","99.99"," ","999.9","010000"
"A5125600451","2023-06-19","36.6985","-93.4022","411.2","BRANSON WEST MUNICIPAL EMERSON FIELD AIRPORT, MO US","  72.8","24","  65.4","24","9999.9"," 0","962.0","24","  7.7","24","  1.2","24","  7.0"," 14.0","  86.0","*","  62.6","*"," 0.00","I","999.9","100000"
"A5125600451","2023-06-20","36.6985","-93.4022","411.2","BRANSON WEST MUNICIPAL EMERSON FIELD AIRPORT, MO US","  78.8","24","  65.5","24","9999.9"," 0","965.1","24","  9.5","24","  2.6","24","  7.0"," 13.0","  86.0","*","  68.0","*"," 0.00","I","999.9","000000"
"A5125600451","2023-06-21","36.6985","-93.4022","411.2","BRANSON WEST MUNICIPAL EMERSON FIELD AIRPORT, MO US","  77.9","24","  63.6","24","9999.9"," 0","965.8","24","  9.2","24","  3.5","24","  8.9"," 13.0","  87.8","*","  66.2","*"," 0.00","I","999.9","000000"
"A5125600451","2023-06-22","36.6985","-93.4022","411.2","BRANSON WEST MUNICIPAL EMERSON FIELD AIRPORT, MO US","  76.6","24","  64.3","24","9999.9"," 0","966.3","24","  9.9","24","  3.5","24","  9.9"," 12.0","  86.0","*","  68.0","*","99.99"," ","999.9","010000"
"A5125600451","2023-06-23","36.6985","-93.4022","411.2","BRANSON WEST MUNICIPAL EMERSON FIELD AIRPORT, MO US","  76.4","24","  62.4","24","9999.9"," 0","967.5","24","  9.5","24","  1.4","24","  6.0"," 11.1","  89.6","*","  64.4","*","99.99"," ","999.9","010000"
"A5125600451","2023-06-24","36.6985","-93.4022","411.2","BRANSON WEST MUNICIPAL EMERSON FIELD AIRPORT, MO US","  79.6","24","  67.3","24","9999.9"," 0","965.5","24","  9.9","24","  3.4","24"," 11.1"," 19.0","  91.4","*","  68.0","*"," 0.00","I","999.9","000000"
"A5125600451","2023-06-25","36.6985","-93.4022","411.2","BRANSON WEST MUNICIPAL EMERSON FIELD AIRPORT, MO US","  84.1","24","  73.0","24","9999.9"," 0","964.1","24","  9.4","24","  5.1","24"," 13.0"," 18.1","  93.2","*","  73.4","*"," 0.00","I","999.9","000000"
"A5125600451","2023-06-26","36.6985","-93.4022","411.2","BRANSON WEST MUNICIPAL EMERSON FIELD AIRPORT, MO US","  78.0","24","  55.2","24","9999.9"," 0","965.3","24","  9.7","24","  4.6","24","  9.9"," 15.0","  86.0","*","  64.4","*"," 0.00","I","999.9","000000"
"A5125600451","2023-06-27","36.6985","-93.4022","411.2","BRANSON WEST MUNICIPAL EMERSON FIELD AIRPORT, MO US","  73.2","24","  59.0","24","9999.9"," 0","966.2","24","  9.9","24","  1.9","24","  8.9"," 15.0","  84.2","*","  59.0","*"," 0.00","I","999.9","000000"
"A5125600451","2023-06-28","36.6985","-93.4022","411.2","BRANSON WEST MUNICIPAL EMERSON FIELD AIRPORT, MO US","  79.8","24","  67.6","24","9999.9"," 0","964.8","24","  9.8","24","  5.0","24"," 13.0"," 22.0","  96.8","*","  68.0","*","99.99"," ","999.9","010010"
"A5125600451","2023-06-29","36.6985","-93.4022","411.2","BRANSON WEST MUNICIPAL EMERSON FIELD AIRPORT, MO US","  87.4","24","  70.8","24","9999.9"," 0","964.3","24","  9.9","24","  6.5","24"," 13.0"," 22.0"," 100.4","*","  75.2","*","99.99"," ","999.9","010000"
"A5125600451","2023-06-30","36.6985","-93.4022","411.2","BRANSON WEST MUNICIPAL EMERSON FIELD AIRPORT, MO US","  86.5","23","  71.8","23","9999.9"," 0","966.6","23","  9.8","23","  4.9","23"," 11.1"," 17.1","  96.8","*","  75.2","*","99.99"," ","999.9","010000"
"A5125600451","2023-07-01","36.6985","-93.4022","411.2","BRANSON WEST MUNICIPAL EMERSON FIELD AIRPORT, MO US","  82.9","19","  71.2","19","9999.9"," 0","965.2","19","  9.7","19","  6.2","19"," 13.0"," 18.1","  89.6","*","  77.0","*","99.99"," ","999.9","010000"
"A5125600451","2023-07-02","36.6985","-93.4022","411.2","BRANSON WEST MUNICIPAL EMERSON FIELD AIRPORT, MO US","  79.6","24","  67.4","24","9999.9"," 0","964.0","24"," 10.0","24","  6.3","24"," 11.1"," 19.0","  86.0","*","  71.6","*"," 0.00","I","999.9","000000"
"A5125600451","2023-07-03","36.6985","-93.4022","411.2","BRANSON WEST MUNICIPAL EMERSON FIELD AIRPORT, MO US","  79.2","24","  63.5","24","9999.9"," 0","966.5","24","  9.1","24","  1.6","24","  7.0"," 12.0","  93.2","*","  66.2","*","99.99"," ","999.9","010000"
"A5125600451","2023-07-04","36.6985","-93.4022","411.2","BRANSON WEST MUNICIPAL EMERSON FIELD AIRPORT, MO US","  80.8","24","  66.0","24","9999.9"," 0","967.1","24","  9.6","24","  2.5","24","  8.9"," 14.0","  93.2","*","  69.8","*","99.99"," ","999.9","010000"
"A5125600451","2023-07-05","36.6985","-93.4022","411.2","BRANSON WEST MUNICIPAL EMERSON FIELD AIRPORT, MO US","  78.7","24","  68.4","24","9999.9"," 0","968.2","24","  9.5","24","  2.6","24","  9.9"," 15.9","  91.4","*","  73.4","*","99.99"," ","999.9","010000"
"A5125600451","2023-07-06","36.6985","-93.4022","411.2","BRANSON WEST MUNICIPAL EMERSON FIELD AIRPORT, MO US","  74.9","24","  68.2","24","9999.9"," 0","969.3","24","  9.7","24","  2.0","24","  8.0"," 13.0","  84.2","*","  66.2","*"," 0.00","I","999.9","000000"
"A5125600451","2023-07-07","36.6985","-93.4022","411.2","BRANSON WEST MUNICIPAL EMERSON FIELD AIRPORT, MO US","  77.8","24","  68.2","24","9999.9"," 0","967.1","24","  9.9","24","  3.3","24","  8.9"," 14.0","  89.6","*","  68.0","*"," 0.00","I","999.9","000000"
"A5125600451","2023-07-08","36.6985","-93.4022","411.2","BRANSON WEST MUNICIPAL EMERSON FIELD AIRPORT, MO US","  78.6","24","  68.7","24","9999.9"," 0","964.8","24","  9.9","24","  3.9","24"," 11.1"," 14.0","  89.6","*","  71.6","*"," 0.00","I","999.9","000000"
"A5125600451","2023-07-09","36.6985","-93.4022","411.2","BRANSON WEST MUNICIPAL EMERSON FIELD AIRPORT, MO US","  73.9","24","  64.0","24","9999.9"," 0","965.7","24"," 10.0","24","  5.4","24"," 12.0"," 18.1","  82.4","*","  66.2","*"," 0.00","I","999.9","000000"
"A5125600451","2023-07-10","36.6985","-93.4022","411.2","BRANSON WEST MUNICIPAL EMERSON FIELD AIRPORT, MO US","  74.5","24","  60.8","24","9999.9"," 0","967.6","24","  8.6","24","  1.8","24","  8.0"," 14.0","  89.6","*","  62.6","*"," 0.00","I","999.9","100000"
"A5125600451","2023-07-11","36.6985","-93.4022","411.2","BRANSON WEST MUNICIPAL EMERSON FIELD AIRPORT, MO US","  77.4","21","  61.5","21","9999.9"," 0","966.6","21"," 10.0","21","  3.5","21","  8.9"," 19.0","  89.6","*","  66.2","*"," 0.00","I","999.9","000000"
"A5125600451","2023-07-12","36.6985","-93.4022","411.2","BRANSON WEST MUNICIPAL EMERSON FIELD AIRPORT, MO US","  81.3","24","  67.8","24","9999.9"," 0","965.3","24","  9.6","24","  3.7","24","  8.0"," 15.0","  98.6","*","  68.0","*","99.99"," ","999.9","010000"
"A5125600451","2023-07-13","36.6985","-93.4022","411.2","BRANSON WEST MUNICIPAL EMERSON FIELD AIRPORT, MO US","  82.9","24","  73.7","24","9999.9"," 0","963.4","24","  8.6","24","  3.8","24"," 11.1"," 17.1","  93.2","*","  71.6","*","99.99"," ","999.9","110010"
"A5125600451","2023-07-14","36.6985","-93.4022","411.2","BRANSON WEST MUNICIPAL EMERSON FIELD AIRPORT, MO US","  79.8","24","  73.9","24","9999.9"," 0","964.2","24","  8.5","24","  2.0","24"," 19.0"," 28.9","  89.6","*","  69.8","*","99.99"," ","999.9","110010"
"A5125600451","2023-07-15","36.6985","-93.4022","411.2","BRANSON WEST MUNICIPAL EMERSON FIELD AIRPORT, MO US","  75.7","24","  68.7","24","9999.9"," 0","965.7","24","  9.0","24","  5.4","24"," 22.0"," 47.0","  87.8","*","  66.2","*","99.99"," ","999.9","010010"
"A5125600451","2023-07-16","36.6985","-93.4022","411.2","BRANSON WEST MUNICIPAL EMERSON FIELD AIRPORT, MO US","  77.9","24","  67.7","24","9999.9"," 0","968.8","24","  7.6","24","  1.5","24","  7.0","999.9","  89.6","*","  66.2","*","99.99"," ","999.9","110000"
"A5125600451","2023-07-17","36.6985","-93.4022","411.2","BRANSON WEST MUNICIPAL EMERSON FIELD AIRPORT, MO US","  80.1","24","  70.6","24","9999.9"," 0","967.9","24","  8.8","24","  3.9","24"," 13.0"," 22.0","  87.8","*","  69.8","*","99.99"," ","999.9","010000"
"A5125600451","2023-07-18","36.6985","-93.4022","411.2","BRANSON WEST MUNICIPAL EMERSON FIELD AIRPORT, MO US","  77.6","24","  70.2","24","9999.9"," 0","966.4","24","  9.4","24","  4.4","24"," 12.0"," 19.0","  96.8","*","  68.0","*","99.99"," ","999.9","010010"
"A5125600451","2023-07-19","36.6985","-93.4022","411.2","BRANSON WEST MUNICIPAL EMERSON FIELD AIRPORT, MO US","  84.4","24","  74.4","24","9999.9"," 0","966.2","24","  9.0","24","  6.5","24"," 13.0"," 20.0","  93.2","*","  78.8","*"," 0.00","I","999.9","000000"
"A5125600451","2023-07-20","36.6985","-93.4022","411.2","BRANSON WEST MUNICIPAL EMERSON FIELD AIRPORT, MO US","  81.9","24","  74.9","24","9999.9"," 0","968.8","24","  8.8","24","  3.4","24","  9.9"," 12.0","  89.6","*","  75.2","*","99.99"," ","999.9","010000"
"A5125600451","2023-07-21","36.6985","-93.4022","411.2","BRANSON WEST MUNICIPAL EMERSON FIELD AIRPORT, MO US","  74.9","24","  68.8","24","9999.9"," 0","969.0","24","  8.5","24","  3.6","24"," 18.1"," 28.9","  87.8","*","  66.2","*","99.99"," ","999.9","110010"
"A5125600451","2023-07-22","36.6985","-93.4022","411.2","BRANSON WEST MUNICIPAL EMERSON FIELD AIRPORT, MO US","  71.2","24","  64.1","24","9999.9"," 0","968.9","24","  7.3","24","  1.4","24","  7.0","  9.9","  84.2","*","  60.8","*"," 0.00","I","999.9","100000"
"A5125600451","2023-07-23","36.6985","-93.4022","411.2","BRANSON WEST MUNICIPAL EMERSON FIELD AIRPORT, MO US","  75.8","24","  66.2","24","9999.9"," 0","968.6","24","  9.8","24","  2.8","24","  8.9"," 14.0","  89.6","*","  66.2","*"," 0.00","I","999.9","000000"
"A5125600451","2023-07-24","36.6985","-93.4022","411.2","BRANSON WEST MUNICIPAL EMERSON FIELD AIRPORT, MO US","  77.9","24","  68.5","24","9999.9"," 0","970.5","24","  9.6","24","  3.8","24"," 14.0"," 27.0","  87.8","*","  69.8","*"," 0.00","I","999.9","000000"
"A5125600451","2023-07-25","36.6985","-93.4022","411.2","BRANSON WEST MUNICIPAL EMERSON FIELD AIRPORT, MO US","  81.4","24","  67.7","24","9999.9"," 0","970.3","24","  9.7","24","  3.9","24","  8.9"," 14.0","  93.2","*","  71.6","*","99.99"," ","999.9","010000"
"A5125600451","2023-07-26","36.6985","-93.4022","411.2","BRANSON WEST MUNICIPAL EMERSON FIELD AIRPORT, MO US","  84.4","24","  70.8","24","9999.9"," 0","968.4","24","  9.5","24","  7.9","24"," 15.9"," 22.9","  93.2","*","  78.8","*","99.99"," ","999.9","010000"
"A5125600451","2023-07-27","36.6985","-93.4022","411.2","BRANSON WEST MUNICIPAL EMERSON FIELD AIRPORT, MO US","  85.1","24","  69.3","24","9999.9"," 0","968.5","24","  9.1","24","  7.2","24"," 12.0"," 18.1","  95.0","*","  75.2","*"," 0.00","I","999.9","000000"
"A5125600451","2023-07-28","36.6985","-93.4022","411.2","BRANSON WEST MUNICIPAL EMERSON FIELD AIRPORT, MO US","  84.9","24","  69.8","24","9999.9"," 0","969.6","24","  9.3","24","  4.9","24"," 11.1"," 18.1","  93.2","*","  78.8","*"," 0.00","I","999.9","000000"
"A5125600451","2023-07-29","36.6985","-93.4022","411.2","BRANSON WEST MUNICIPAL EMERSON FIELD AIRPORT, MO US","  84.4","24","  72.1","24","9999.9"," 0","970.6","24","  8.8","24","  3.8","24"," 14.0"," 22.9","  96.8","*","  75.2","*","99.99"," ","999.9","010000"
"A5125600451","2023-07-30","36.6985","-93.4022","411.2","BRANSON WEST MUNICIPAL EMERSON FIELD AIRPORT, MO US","  80.1","24","  70.5","24","9999.9"," 0","971.1","24","  9.4","24","  2.3","24","  8.0"," 15.0","  95.0","*","  71.6","*","99.99"," ","999.9","010000"
"A5125600451","2023-07-31","36.6985","-93.4022","411.2","BRANSON WEST MUNICIPAL EMERSON FIELD AIRPORT, MO US","  77.1","24","  69.7","24","9999.9"," 0","971.1","24","  8.2","24","  4.8","24"," 19.0"," 31.1","  89.6","*","  68.0","*","99.99"," ","999.9","010010"
"A5125600451","2023-08-01","36.6985","-93.4022","411.2","BRANSON WEST MUNICIPAL EMERSON FIELD AIRPORT, MO US","  79.7","19","  74.2","19","9999.9"," 0","971.1","19","  9.7","19","  5.7","19"," 14.0"," 21.0","  87.8","*","  75.2","*","99.99"," ","999.9","010000"
"A5125600451","2023-08-02","36.6985","-93.4022","411.2","BRANSON WEST MUNICIPAL EMERSON FIELD AIRPORT, MO US","  83.2","24","  75.1","24","9999.9"," 0","968.8","24","  8.9","24","  3.6","24","  8.9"," 13.0","  95.0","*","  73.4","*","99.99"," ","999.9","010000"
"A5125600451","2023-08-03","36.6985","-93.4022","411.2","BRANSON WEST MUNICIPAL EMERSON FIELD AIRPORT, MO US","  88.0","24","  72.7","24","9999.9"," 0","966.2","24","  9.7","24","  5.1","24"," 12.0"," 18.1","  98.6","*","  78.8","*","99.99"," ","999.9","010000"
"A5125600451","2023-08-04","36.6985","-93.4022","411.2","BRANSON WEST MUNICIPAL EMERSON FIELD AIRPORT, MO US","  85.9","24","  71.5","24","9999.9"," 0","965.0","24","  9.8","24","  3.1","24","  8.9"," 15.0","  96.8","*","  77.0","*","99.99"," ","999.9","010000"
"A5125600451","2023-08-05","36.6985","-93.4022","411.2","BRANSON WEST MUNICIPAL EMERSON FIELD AIRPORT, MO US","  80.8","24","  71.8","24","9999.9"," 0","965.7","24","  9.5","24","  5.3","24"," 14.0"," 22.0","  95.0","*","  68.0","*","99.99"," ","999.9","010000"
"A5125600451","2023-08-06","36.6985","-93.4022","411.2","BRANSON WEST MUNICIPAL EMERSON FIELD AIRPORT, MO US","  77.8","24","  69.3","24","9999.9"," 0","966.3","24"," 10.0","24","  6.0","24"," 15.9"," 22.9","  87.8","*","  71.6","*"," 0.00","I","999.9","000000"
"A5125600451","2023-08-07","36.6985","-93.4022","411.2","BRANSON WEST MUNICIPAL EMERSON FIELD AIRPORT, MO US","  76.0","24","  64.8","24","9999.9"," 0","966.8","24","  9.7","24","  7.6","24"," 13.0"," 20.0","  84.2","*","  66.2","*"," 0.00","I","999.9","000000"
"A5125600451","2023-08-08","36.6985","-93.4022","411.2","BRANSON WEST MUNICIPAL EMERSON FIELD AIRPORT, MO US","  75.0","24","  64.8","24","9999.9"," 0","968.0","24","  9.9","24","  3.1","24","  8.9"," 13.0","  87.8","*","  66.2","*"," 0.00","I","999.9","000000"
"A5125600451","2023-08-09","36.6985","-93.4022","411.2","BRANSON WEST MUNICIPAL EMERSON FIELD AIRPORT, MO US","  75.9","15","  69.3","15","9999.9"," 0","963.9","15","  9.8","15","  3.2","15"," 14.0"," 32.1","  84.2","*","  68.0","*","99.99"," ","999.9","010010"
"A5125600451","2023-08-10","36.6985","-93.4022","411.2","BRANSON WEST MUNICIPAL EMERSON FIELD AIRPORT, MO US","  71.9","24","  68.2","24","9999.9"," 0","962.8","24","  4.0","24","  1.6","24"," 15.0"," 18.1","  86.0","*","  66.2","*","99.99"," ","999.9","110010"
"A5125600451","2023-08-11","36.6985","-93.4022","411.2","BRANSON WEST MUNICIPAL EMERSON FIELD AIRPORT, MO US","  79.5","24","  72.2","24","9999.9"," 0","963.4","24","  7.6","24","  2.4","24","  7.0"," 12.0","  93.2","*","  69.8","*","99.99"," ","999.9","110000"
"A5125600451","2023-08-12","36.6985","-93.4022","411.2","BRANSON WEST MUNICIPAL EMERSON FIELD AIRPORT, MO US","  78.7","24","  75.1","24","9999.9"," 0","965.4","24","  7.8","24","  3.6","24"," 14.0"," 22.0","  89.6","*","  69.8","*","99.99"," ","999.9","010010"
"A5125600451","2023-08-13","36.6985","-93.4022","411.2","BRANSON WEST MUNICIPAL EMERSON FIELD AIRPORT, MO US","  75.8","24","  74.9","24","9999.9"," 0","967.1","24","  8.2","24","  3.4","24"," 20.0"," 31.1","  82.4","*","  69.8","*","99.99"," ","999.9","110010"
"A5125600451","2023-08-14","36.6985","-93.4022","411.2","BRANSON WEST MUNICIPAL EMERSON FIELD AIRPORT, MO US","  74.3","24","  69.7","24","9999.9"," 0","967.8","24","  7.2","24","  7.9","24"," 19.0"," 32.1","  82.4","*","  68.0","*","99.99"," ","999.9","110010"
"A5125600451","2023-08-15","36.6985","-93.4022","411.2","BRANSON WEST MUNICIPAL EMERSON FIELD AIRPORT, MO US","  68.5","24","  60.1","24","9999.9"," 0","971.4","24"," 10.0","24","  5.1","24"," 13.0"," 15.0","  77.0","*","  59.0","*"," 0.00","I","999.9","000000"
"A5125600451","2023-08-16","36.6985","-93.4022","411.2","BRANSON WEST MUNICIPAL EMERSON FIELD AIRPORT, MO US","  67.7","24","  59.2","24","9999.9"," 0","970.9","24","  8.6","24","  2.0","24","  6.0"," 11.1","  78.8","*","  57.2","*"," 0.00","I","999.9","100000"
"A5125600451","2023-08-17","36.6985","-93.4022","411.2","BRANSON WEST MUNICIPAL EMERSON FIELD AIRPORT, MO US","  72.7","24","  63.6","24","9999.9"," 0","965.8","24","  9.8","24","  3.5","24","  8.9"," 13.0","  86.0","*","  62.6","*","99.99"," ","999.9","010000"
"A5125600451","2023-08-18","36.6985","-93.4022","411.2","BRANSON WEST MUNICIPAL EMERSON FIELD AIRPORT, MO US","  74.8","24","  64.2","24","9999.9"," 0","967.9","24","  9.8","24","  4.0","24","  9.9"," 15.0","  84.2","*","  64.4","*"," 0.00","I","999.9","000000"
"A5125600451","2023-08-19","36.6985","-93.4022","411.2","BRANSON WEST MUNICIPAL EMERSON FIELD AIRPORT, MO US","  79.6","24","  70.5","24","9999.9"," 0","967.3","24","  9.5","24","  5.0","24"," 11.1"," 15.9","  95.0","*","  68.0","*","99.99"," ","999.9","010000"
"A5125600451","2023-08-20","36.6985","-93.4022","411.2","BRANSON WEST MUNICIPAL EMERSON FIELD AIRPORT, MO US","  84.6","24","  76.0","24","9999.9"," 0","969.3","24","  8.7","24","  2.0","24","  7.0","  9.9","  98.6","*","  73.4","*","99.99"," ","999.9","110000"
"A5125600451","2023-08-21","36.6985","-93.4022","411.2","BRANSON WEST MUNICIPAL EMERSON FIELD AIRPORT, MO US","  85.3","24","  78.3","24","9999.9"," 0","971.4","24","  7.7","24","  0.9","24","  5.1","  9.9","  96.8","*","  75.2","*","99.99"," ","999.9","110000"
"A5125600451","2023-08-22","36.6985","-93.4022","411.2","BRANSON WEST MUNICIPAL EMERSON FIELD AIRPORT, MO US","  87.1","24","  79.6","24","9999.9"," 0","971.7","24","  8.6","24","  3.4","24","  7.0"," 11.1","  93.2","*","  78.8","*","99.99"," ","999.9","010000"
"A5125600451","2023-08-23","36.6985","-93.4022","411.2","BRANSON WEST MUNICIPAL EMERSON FIELD AIRPORT, MO US","  84.3","24","  77.8","24","9999.9"," 0","971.2","24","  8.5","24","  1.6","24","  6.0","999.9","  95.0","*","  77.0","*","99.99"," ","999.9","010000"
"A5125600451","2023-08-24","36.6985","-93.4022","411.2","BRANSON WEST MUNICIPAL EMERSON FIELD AIRPORT, MO US","  84.8","24","  77.6","24","9999.9"," 0","969.1","24","  8.2","24","  2.0","24","  8.9","999.9","  96.8","*","  77.0","*","99.99"," ","999.9","010000"
"A5125600451","2023-08-25","36.6985","-93.4022","411.2","BRANSON WEST MUNICIPAL EMERSON FIELD AIRPORT, MO US","  85.1","24","  76.9","24","9999.9"," 0","968.1","24","  8.9","24","  1.0","24","  7.0","999.9","  96.8","*","  75.2","*","99.99"," ","999.9","010000"
"A5125600451","2023-08-26","36.6985","-93.4022","411.2","BRANSON WEST MUNICIPAL EMERSON FIELD AIRPORT, MO US","  82.4","24","  77.1","24","9999.9"," 0","966.8","24","  9.3","24","  1.9","24","  7.0","  9.9","  87.8","*","  77.0","*","99.99"," ","999.9","010000"
"A5125600451","2023-08-27","36.6985","-93.4022","411.2","BRANSON WEST MUNICIPAL EMERSON FIELD AIRPORT, MO US","  75.8","24","  71.4","24","9999.9"," 0","967.0","24","  9.8","24","  5.2","24","  9.9"," 17.1","  84.2","*","  69.8","*"," 0.00","I","999.9","000000"
"A5125600451","2023-08-28","36.6985","-93.4022","411.2","BRANSON WEST MUNICIPAL EMERSON FIELD AIRPORT, MO US","  72.8","24","  65.1","24","9999.9"," 0","967.3","24","  9.7","24","  4.4","24","  8.9"," 11.1","  86.0","*","  66.2","*"," 0.00","I","999.9","000000"
"A5125600451","2023-08-29","36.6985","-93.4022","411.2","BRANSON WEST MUNICIPAL EMERSON FIELD AIRPORT, MO US","  73.9","24","  63.9","24","9999.9"," 0","967.9","24","  9.8","24","  2.8","24","  8.0"," 12.0","  86.0","*","  60.8","*"," 0.00","I","999.9","000000"
"A5125600451","2023-08-30","36.6985","-93.4022","411.2","BRANSON WEST MUNICIPAL EMERSON FIELD AIRPORT, MO US","  75.5","24","  64.8","24","9999.9"," 0","966.6","24","  9.7","24","  3.3","24","  9.9"," 14.0","  86.0","*","  66.2","*","99.99"," ","999.9","010000"
"A5125600451","2023-08-31","36.6985","-93.4022","411.2","BRANSON WEST MUNICIPAL EMERSON FIELD AIRPORT, MO US","  72.3","24","  59.5","24","9999.9"," 0","967.9","24"," 10.0","24","  3.9","24","  8.0"," 13.0","  82.4","*","  60.8","*"," 0.00","I","999.9","000000"
"A5125600451","2023-09-01","36.6985","-93.4022","411.2","BRANSON WEST MUNICIPAL EMERSON FIELD AIRPORT, MO US","  71.7","19","  56.9","19","9999.9"," 0","971.3","19"," 10.0","19","  3.6","19","  8.0","  9.9","  84.2","*","  59.0","*"," 0.00","I","999.9","000000"
"A5125600451","2023-09-02","36.6985","-93.4022","411.2","BRANSON WEST MUNICIPAL EMERSON FIELD AIRPORT, MO US","  73.6","24","  57.6","24","9999.9"," 0","971.6","24"," 10.0","24","  2.2","24","  7.0","999.9","  87.8","*","  60.8","*","99.99"," ","999.9","010000"
"A5125600451","2023-09-03","36.6985","-93.4022","411.2","BRANSON WEST MUNICIPAL EMERSON FIELD AIRPORT, MO US","  78.6","24","  65.8","24","9999.9"," 0","969.2","24"," 10.0","24","  3.1","24","  9.9"," 13.0","  91.4","*","  68.0","*","99.99"," ","999.9","010000"
"A5125600451","2023-09-04","36.6985","-93.4022","411.2","BRANSON WEST MUNICIPAL EMERSON FIELD AIRPORT, MO US","  78.4","24","  71.6","24","9999.9"," 0","965.4","24","  9.2","24","  5.0","24"," 13.0"," 25.1","  93.2","*","  71.6","*","99.99"," ","999.9","010010"
"A5125600451","2023-09-05","36.6985","-93.4022","411.2","BRANSON WEST MUNICIPAL EMERSON FIELD AIRPORT, MO US","  76.1","24","  71.1","24","9999.9"," 0","964.0","24","  9.8","24","  5.7","24"," 13.0"," 17.1","  95.0","*","  68.0","*","99.99"," ","999.9","010000"
"A5125600451","2023-09-06","36.6985","-93.4022","411.2","BRANSON WEST MUNICIPAL EMERSON FIELD AIRPORT, MO US","  75.2","24","  67.9","24","9999.9"," 0","966.8","24","  7.9","24","  4.6","24"," 20.0"," 28.0","  86.0","*","  68.0","*","99.99"," ","999.9","110010"
"A5125600451","2023-09-07","36.6985","-93.4022","411.2","BRANSON WEST MUNICIPAL EMERSON FIELD AIRPORT, MO US","  71.4","24","  62.1","24","9999.9"," 0","968.0","24","  7.3","24","  0.4","24","  4.1","999.9","  84.2","*","  60.8","*","99.99"," ","999.9","010000"
"A5125600451","2023-09-08","36.6985","-93.4022","411.2","BRANSON WEST MUNICIPAL EMERSON FIELD AIRPORT, MO US","  72.3","24","  60.6","24","9999.9"," 0","968.0","24","  7.6","24","  4.3","24"," 13.0"," 29.9","  82.4","*","  62.6","*","99.99"," ","999.9","010000"
"A5125600451","2023-09-09","36.6985","-93.4022","411.2","BRANSON WEST MUNICIPAL EMERSON FIELD AIRPORT, MO US","  69.1","24","  57.2","24","9999.9"," 0","971.6","24"," 10.0","24","  4.2","24","  8.9"," 15.0","  80.6","*","  57.2","*"," 0.00","I","999.9","000000"
"A5125600451","2023-09-10","36.6985","-93.4022","411.2","BRANSON WEST MUNICIPAL EMERSON FIELD AIRPORT, MO US","  68.7","24","  58.1","24","9999.9"," 0","972.8","24","  9.8","24","  1.3","24","  7.0","999.9","  80.6","*","  55.4","*"," 0.00","I","999.9","000000"
"A5125600451","2023-09-11","36.6985","-93.4022","411.2","BRANSON WEST MUNICIPAL EMERSON FIELD AIRPORT, MO US","  69.7","24","  62.7","24","9999.9"," 0","971.1","24"," 10.0","24","  1.9","24","  6.0","999.9","  77.0","*","  62.6","*","99.99"," ","999.9","010000"
"A5125600451","2023-09-12","36.6985","-93.4022","411.2","BRANSON WEST MUNICIPAL EMERSON FIELD AIRPORT, MO US","  66.3","24","  63.7","24","9999.9"," 0","971.2","24","  6.1","24","  3.1","24","  9.9"," 17.1","  75.2","*","  62.6","*","99.99"," ","999.9","110000"
"A5125600451","2023-09-13","36.6985","-93.4022","411.2","BRANSON WEST MUNICIPAL EMERSON FIELD AIRPORT, MO US","  66.0","24","  57.7","24","9999.9"," 0","971.2","24","  9.8","24","  3.0","24","  8.0"," 13.0","  75.2","*","  57.2","*"," 0.00","I","999.9","000000"
"A5125600451","2023-09-14","36.6985","-93.4022","411.2","BRANSON WEST MUNICIPAL EMERSON FIELD AIRPORT, MO US","  66.3","24","  52.4","24","9999.9"," 0","970.7","24"," 10.0","24","  4.2","24"," 13.0"," 19.0","  77.0","*","  59.0","*"," 0.00","I","999.9","000000"
"A5125600451","2023-09-15","36.6985","-93.4022","411.2","BRANSON WEST MUNICIPAL EMERSON FIELD AIRPORT, MO US","  66.7","24","  53.0","24","9999.9"," 0","971.3","24"," 10.0","24","  1.0","24","  5.1"," 11.1","  77.0","*","  57.2","*"," 0.00","I","999.9","000000"
"A5125600451","2023-09-16","36.6985","-93.4022","411.2","BRANSON WEST MUNICIPAL EMERSON FIELD AIRPORT, MO US","  68.3","24","  59.1","24","9999.9"," 0","970.4","24","  9.8","24","  0.6","24","  6.0","999.9","  78.8","*","  60.8","*","99.99"," ","999.9","010000"
"A5125600451","2023-09-17","36.6985","-93.4022","411.2","BRANSON WEST MUNICIPAL EMERSON FIELD AIRPORT, MO US","  65.8","24","  56.9","24","9999.9"," 0","969.8","24","  8.4","24","  4.1","24"," 14.0"," 22.9","  77.0","*","  55.4","*"," 0.00","I","999.9","100000"
"A5125600451","2023-09-18","36.6985","-93.4022","411.2","BRANSON WEST MUNICIPAL EMERSON FIELD AIRPORT, MO US","  65.8","24","  54.6","24","9999.9"," 0","969.7","24","  6.3","24","  1.4","24","  6.0"," 11.1","  82.4","*","  53.6","*","99.99"," ","999.9","110000"
"A5125600451","2023-09-19","36.6985","-93.4022","411.2","BRANSON WEST MUNICIPAL EMERSON FIELD AIRPORT, MO US","  71.4","24","  58.0","24","9999.9"," 0","966.9","24","  9.4","24","  3.9","24","  9.9"," 15.9","  80.6","*","  60.8","*","99.99"," ","999.9","010000"
"A5125600451","2023-09-20","36.6985","-93.4022","411.2","BRANSON WEST MUNICIPAL EMERSON FIELD AIRPORT, MO US","  67.3","24","  63.3","24","9999.9"," 0","966.4","24","  7.5","24","  3.8","24"," 11.1"," 15.9","  77.0","*","  60.8","*","99.99"," ","999.9","010000"
"A5125600451","2023-09-21","36.6985","-93.4022","411.2","BRANSON WEST MUNICIPAL EMERSON FIELD AIRPORT, MO US","  70.7","24","  65.4","24","9999.9"," 0","969.1","24","  8.0","24","  3.2","24","  7.0"," 11.1","  84.2","*","  62.6","*"," 0.00","I","999.9","000000"
"A5125600451","2023-09-22","36.6985","-93.4022","411.2","BRANSON WEST MUNICIPAL EMERSON FIELD AIRPORT, MO US","  70.9","24","  67.5","24","9999.9"," 0","969.3","24","  8.2","24","  4.9","24","  9.9"," 15.9","  77.0","*","  64.4","*","99.99"," ","999.9","010010"
"A5125600451","2023-09-23","36.6985","-93.4022","411.2","BRANSON WEST MUNICIPAL EMERSON FIELD AIRPORT, MO US","  72.3","24","  67.6","24","9999.9"," 0","966.6","24","  9.5","24","  5.6","24"," 12.0"," 19.0","  86.0","*","  64.4","*"," 0.00","I","999.9","000000"
"A5125600451","2023-09-24","36.6985","-93.4022","411.2","BRANSON WEST MUNICIPAL EMERSON FIELD AIRPORT, MO US","  71.7","24","  68.4","24","9999.9"," 0","964.6","24","  6.7","24","  4.8","24"," 17.1"," 26.0","  78.8","*","  66.2","*","99.99"," ","999.9","110010"
"A5125600451","2023-09-25","36.6985","-93.4022","411.2","BRANSON WEST MUNICIPAL EMERSON FIELD AIRPORT, MO US","  72.4","24","  66.3","24","9999.9"," 0","969.2","24","  6.0","24","  1.9","24","  8.0"," 12.0","  84.2","*","  64.4","*"," 0.00","I","999.9","100000"
"A5125600451","2023-09-26","36.6985","-93.4022","411.2","BRANSON WEST MUNICIPAL EMERSON FIELD AIRPORT, MO US","  71.1","24","  63.0","24","9999.9"," 0","970.9","24","  8.2","24","  1.4","24","  7.0","999.9","  84.2","*","  60.8","*","99.99"," ","999.9","110000"
"A5125600451","2023-09-27","36.6985","-93.4022","411.2","BRANSON WEST MUNICIPAL EMERSON FIELD AIRPORT, MO US","  72.9","24","  64.0","24","9999.9"," 0","968.6","24"," 10.0","24","  2.1","24","  8.0"," 11.1","  86.0","*","  66.2","*","99.99"," ","999.9","010000"
"A5125600451","2023-09-28","36.6985","-93.4022","411.2","BRANSON WEST MUNICIPAL EMERSON FIELD AIRPORT, MO US","  73.3","24","  65.7","24","9999.9"," 0","967.9","24","  8.6","24","  0.7","24","  6.0","999.9","  86.0","*","  62.6","*","99.99"," ","999.9","110000"
"A5125600451","2023-09-29","36.6985","-93.4022","411.2","BRANSON WEST MUNICIPAL EMERSON FIELD AIRPORT, MO US","  75.1","24","  66.8","24","9999.9"," 0","968.7","24","  9.6","24","  1.3","22","  6.0"," 11.1","  87.8","*","  64.4","*","99.99"," ","999.9","010000"
"A5125600451","2023-09-30","36.6985","-93.4022","411.2","BRANSON WEST MUNICIPAL EMERSON FIELD AIRPORT, MO US","  75.7","24","  63.3","24","9999.9"," 0","971.5","24"," 10.0","24","  2.9","24","  7.0","  9.9","  87.8","*","  64.4","*","99.99"," ","999.9","010000"
"A5125600451","2023-10-01","36.6985","-93.4022","411.2","BRANSON WEST MUNICIPAL EMERSON FIELD AIRPORT, MO US","  75.6","19","  64.9","19","9999.9"," 0","973.7","19","  9.5","19","  1.6","19","  6.0","999.9","  86.0","*","  64.4","*","99.99"," ","999.9","010000"
"A5125600451","2023-10-02","36.6985","-93.4022","411.2","BRANSON WEST MUNICIPAL EMERSON FIELD AIRPORT, MO US","  73.8","24","  63.4","24","9999.9"," 0","972.9","24"," 10.0","24","  2.4","24","  6.0"," 12.0","  86.0","*","  64.4","*","99.99"," ","999.9","010000"
"A5125600451","2023-10-03","36.6985","-93.4022","411.2","BRANSON WEST MUNICIPAL EMERSON FIELD AIRPORT, MO US","  71.7","24","  61.9","24","9999.9"," 0","970.5","24"," 10.0","24","  4.0","24","  9.9"," 14.0","  78.8","*","  64.4","*"," 0.00","I","999.9","000000"
"A5125600451","2023-10-04","36.6985","-93.4022","411.2","BRANSON WEST MUNICIPAL EMERSON FIELD AIRPORT, MO US","  66.6","24","  60.8","24","9999.9"," 0","967.4","24","  6.5","24","  4.9","24","  8.9"," 17.1","  71.6","*","  62.6","*","99.99"," ","999.9","110010"
"A5125600451","2023-10-05","36.6985","-93.4022","411.2","BRANSON WEST MUNICIPAL EMERSON FIELD AIRPORT, MO US","  67.3","24","  63.9","24","9999.9"," 0","967.7","24","  7.6","24","  4.8","24"," 18.1"," 28.0","  77.0","*","  64.4","*","99.99"," ","999.9","110000"
"A5125600451","2023-10-06","36.6985","-93.4022","411.2","BRANSON WEST MUNICIPAL EMERSON FIELD AIRPORT, MO US","  60.4","24","  50.6","24","9999.9"," 0","972.2","24"," 10.0","24","  3.0","24"," 13.0"," 19.0","  69.8","*","  50.0","*"," 0.00","I","999.9","000000"
"A5125600451","2023-10-07","36.6985","-93.4022","411.2","BRANSON WEST MUNICIPAL EMERSON FIELD AIRPORT, MO US","  49.2","24","  39.1","24","9999.9"," 0","977.2","24"," 10.0","24","  4.6","24","  9.9"," 19.0","  62.6","*","  39.2","*"," 0.00","I","999.9","000000"
"A5125600451","2023-10-08","36.6985","-93.4022","411.2","BRANSON WEST MUNICIPAL EMERSON FIELD AIRPORT, MO US","  53.7","24","  44.7","24","9999.9"," 0","971.3","24","  9.1","24","  3.9","24"," 15.0"," 21.0","  71.6","*","  44.6","*"," 0.00","I","999.9","100000"
"A5125600451","2023-10-09","36.6985","-93.4022","411.2","BRANSON WEST MUNICIPAL EMERSON FIELD AIRPORT, MO US","  62.7","24","  47.2","24","9999.9"," 0","963.7","24"," 10.0","24","  5.6","24","  8.0"," 13.0","  73.4","*","  53.6","*"," 0.00","I","999.9","000000"
"A5125600451","2023-10-10","36.6985","-93.4022","411.2","BRANSON WEST MUNICIPAL EMERSON FIELD AIRPORT, MO US","  58.9","24","  44.1","24","9999.9"," 0","964.0","24"," 10.0","24","  2.8","24","  7.0"," 11.1","  71.6","*","  46.4","*"," 0.00","I","999.9","000000"
"A5125600451","2023-10-11","36.6985","-93.4022","411.2","BRANSON WEST MUNICIPAL EMERSON FIELD AIRPORT, MO US","  65.7","24","  54.7","24","9999.9"," 0","959.9","24"," 10.0","24","  4.6","24"," 11.1"," 17.1","  78.8","*","  55.4","*","99.99"," ","999.9","010000"
"A5125600451","2023-10-12","36.6985","-93.4022","411.2","BRANSON WEST MUNICIPAL EMERSON FIELD AIRPORT, MO US","  63.3","24","  54.3","24","9999.9"," 0","958.7","24"," 10.0","24","  6.9","24"," 14.0"," 22.9","  71.6","*","  55.4","*"," 0.00","I","999.9","000000"
"A5125600451","2023-10-13","36.6985","-93.4022","411.2","BRANSON WEST MUNICIPAL EMERSON FIELD AIRPORT, MO US","  62.1","24","  58.0","24","9999.9"," 0","959.2","24","  8.3","24","  7.6","24"," 15.0"," 22.9","  66.2","*","  59.0","*","99.99"," ","999.9","010000"
"A5125600451","2023-10-14","36.6985","-93.4022","411.2","BRANSON WEST MUNICIPAL EMERSON FIELD AIRPORT, MO US","  52.9","24","  45.4","24","9999.9"," 0","966.6","24"," 10.0","24","  8.1","24"," 12.0"," 21.0","  59.0","*","  46.4","*"," 0.00","I","999.9","000000"
"A5125600451","2023-10-15","36.6985","-93.4022","411.2","BRANSON WEST MUNICIPAL EMERSON FIELD AIRPORT, MO US","  52.2","24","  48.4","24","9999.9"," 0","972.3","24","  8.5","24","  7.1","24"," 13.0"," 18.1","  55.4","*","  50.0","*","99.99"," ","999.9","010000"
"A5125600451","2023-10-16","36.6985","-93.4022","411.2","BRANSON WEST MUNICIPAL EMERSON FIELD AIRPORT, MO US","  49.6","24","  42.2","24","9999.9"," 0","974.5","24","  9.9","24","  5.7","24"," 11.1"," 20.0","  60.8","*","  39.2","*"," 0.00","I","999.9","000000"
"A5125600451","2023-10-17","36.6985","-93.4022","411.2","BRANSON WEST MUNICIPAL EMERSON FIELD AIRPORT, MO US","  51.8","24","  43.9","24","9999.9"," 0","971.7","24","  6.9","24","  1.8","24","  6.0"," 11.1","  68.0","*","  41.0","*"," 0.00","I","999.9","100000"
"A5125600451","2023-10-18","36.6985","-93.4022","411.2","BRANSON WEST MUNICIPAL EMERSON FIELD AIRPORT, MO US","  60.2","22","  47.0","22","9999.9"," 0","966.4","22"," 10.0","22","  3.7","22"," 12.0"," 17.1","  77.0","*","  46.4","*"," 0.00","I","999.9","000000"
"A5125600451","2023-10-19","36.6985","-93.4022","411.2","BRANSON WEST MUNICIPAL EMERSON FIELD AIRPORT, MO US","  62.3","24","  51.3","24","9999.9"," 0","965.0","24"," 10.0","24","  5.3","24"," 13.0"," 19.0","  71.6","*","  51.8","*","99.99"," ","999.9","010000"
"A5125600451","2023-10-20","36.6985","-93.4022","411.2","BRANSON WEST MUNICIPAL EMERSON FIELD AIRPORT, MO US","  62.5","24","  48.2","24","9999.9"," 0","963.5","24"," 10.0","24","  3.4","24","  8.9"," 14.0","  77.0","*","  51.8","*"," 0.00","I","999.9","000000"
"A5125600451","2023-10-21","36.6985","-93.4022","411.2","BRANSON WEST MUNICIPAL EMERSON FIELD AIRPORT, MO US","  64.6","24","  49.8","24","9999.9"," 0","963.7","24"," 10.0","24","  2.1","24","  7.0","999.9","  82.4","*","  53.6","*","99.99"," ","999.9","010000"
"A5125600451","2023-10-22","36.6985","-93.4022","411.2","BRANSON WEST MUNICIPAL EMERSON FIELD AIRPORT, MO US","  63.7","24","  45.6","24","9999.9"," 0","967.8","24"," 10.0","24","  5.3","24"," 17.1"," 22.9","  73.4","*","  53.6","*"," 0.00","I","999.9","000000"
"A5125600451","2023-10-23","36.6985","-93.4022","411.2","BRANSON WEST MUNICIPAL EMERSON FIELD AIRPORT, MO US","  64.3","24","  49.2","24","9999.9"," 0","968.2","24","  9.9","24","  5.4","24"," 11.1"," 17.1","  80.6","*","  53.6","*"," 0.00","I","999.9","000000"
"A5125600451","2023-10-24","36.6985","-93.4022","411.2","BRANSON WEST MUNICIPAL EMERSON FIELD AIRPORT, MO US","  69.6","24","  57.0","24","9999.9"," 0","968.4","24","  9.9","24","  4.5","24","  9.9"," 19.0","  78.8","*","  62.6","*","99.99"," ","999.9","010000"
"A5125600451","2023-10-25","36.6985","-93.4022","411.2","BRANSON WEST MUNICIPAL EMERSON FIELD AIRPORT, MO US","  72.0","24","  59.4","24","9999.9"," 0","968.8","24"," 10.0","24","  6.0","24"," 12.0"," 21.0","  78.8","*","  66.2","*","99.99"," ","999.9","010000"
"A5125600451","2023-10-26","36.6985","-93.4022","411.2","BRANSON WEST MUNICIPAL EMERSON FIELD AIRPORT, MO US","  68.2","24","  64.2","24","9999.9"," 0","967.5","24","  7.7","24","  5.4","24"," 11.1"," 20.0","  73.4","*","  64.4","*","99.99"," ","999.9","010000"
"A5125600451","2023-10-27","36.6985","-93.4022","411.2","BRANSON WEST MUNICIPAL EMERSON FIELD AIRPORT, MO US","  68.6","24","  66.1","24","9999.9"," 0","968.5","24","  9.3","24","  5.0","24","  9.9"," 19.0","  82.4","*","  53.6","*","99.99"," ","999.9","010000"
"A5125600451","2023-10-28","36.6985","-93.4022","411.2","BRANSON WEST MUNICIPAL EMERSON FIELD AIRPORT, MO US","  47.8","24","  47.7","24","9999.9"," 0","972.8","24","  3.5","24","  4.4","24","  9.9"," 14.0","  51.8","*","  46.4","*","99.99"," ","999.9","010000"
"A5125600451","2023-10-29","36.6985","-93.4022","411.2","BRANSON WEST MUNICIPAL EMERSON FIELD AIRPORT, MO US","  42.7","24","  42.5","24","9999.9"," 0","971.1","24","  5.3","24","  6.6","24"," 11.1"," 19.0","  48.2","*","  37.4","*","99.99"," ","999.9","010000"
"A5125600451","2023-10-30","36.6985","-93.4022","411.2","BRANSON WEST MUNICIPAL EMERSON FIELD AIRPORT, MO US","  35.9","24","  28.3","24","9999.9"," 0","977.4","24","  9.2","24","  8.2","24"," 13.0"," 21.0","  42.8","*","  30.2","*","99.99"," ","999.9","010000"
"A5125600451","2023-10-31","36.6985","-93.4022","411.2","BRANSON WEST MUNICIPAL EMERSON FIELD AIRPORT, MO US","  33.2","24","  23.2","23","9999.9"," 0","978.1","24","  9.1","24","  4.5","24"," 15.9"," 22.0","  42.8","*","  24.8","*"," 0.00","I","999.9","100000"
"A5125600451","2023-11-01","36.6985","-93.4022","411.2","BRANSON WEST MUNICIPAL EMERSON FIELD AIRPORT, MO US","  34.4","19","  17.6","19","9999.9"," 0","981.2","19"," 10.0","19","  1.7","19","  8.0"," 12.0","  50.0","*","  21.2","*"," 0.00","I","999.9","000000"
"A5125600451","2023-11-02","36.6985","-93.4022","411.2","BRANSON WEST MUNICIPAL EMERSON FIELD AIRPORT, MO US","  46.2","24","  21.8","24","9999.9"," 0","976.9","24"," 10.0","24","  2.4","24","  9.9"," 15.9","  66.2","*","  33.8","*"," 0.00","I","999.9","000000"
"A5125600451","2023-11-03","36.6985","-93.4022","411.2","BRANSON WEST MUNICIPAL EMERSON FIELD AIRPORT, MO US","  52.3","24","  32.1","24","9999.9"," 0","973.7","24"," 10.0","24","  4.4","24"," 12.0"," 19.0","  69.8","*","  39.2","*"," 0.00","I","999.9","000000"
"A5125600451","2023-11-04","36.6985","-93.4022","411.2","BRANSON WEST MUNICIPAL EMERSON FIELD AIRPORT, MO US","  58.6","24","  46.0","24","9999.9"," 0","973.4","24"," 10.0","24","  2.9","24","  7.0"," 12.0","  71.6","*","  48.2","*"," 0.00","I","999.9","000000"
"A5125600451","2023-11-05","36.6985","-93.4022","411.2","BRANSON WEST MUNICIPAL EMERSON FIELD AIRPORT, MO US","  60.9","24","  50.0","24","9999.9"," 0","972.2","24"," 10.0","24","  3.8","24","  8.9"," 13.0","  73.4","*","  51.8","*"," 0.00","I","999.9","000000"
"A5125600451","2023-11-06","36.6985","-93.4022","411.2","BRANSON WEST MUNICIPAL EMERSON FIELD AIRPORT, MO US","  67.1","24","  57.0","24","9999.9"," 0","965.0","24"," 10.0","24","  4.9","24"," 12.0"," 15.9","  80.6","*","  59.0","*"," 0.00","I","999.9","000000"
"A5125600451","2023-11-07","36.6985","-93.4022","411.2","BRANSON WEST MUNICIPAL EMERSON FIELD AIRPORT, MO US","  70.4","24","  60.1","24","9999.9"," 0","963.0","24"," 10.0","24","  4.3","24","  8.9"," 14.0","  82.4","*","  60.8","*"," 0.00","I","999.9","000000"
"A5125600451","2023-11-08","36.6985","-93.4022","411.2","BRANSON WEST MUNICIPAL EMERSON FIELD AIRPORT, MO US","  72.5","24","  61.1","24","9999.9"," 0","959.8","24"," 10.0","24","  7.3","24"," 15.0"," 26.0","  84.2","*","  66.2","*"," 0.00","I","999.9","000000"
"A5125600451","2023-11-09","36.6985","-93.4022","411.2","BRANSON WEST MUNICIPAL EMERSON FIELD AIRPORT, MO US","  56.1","24","  45.1","24","9999.9"," 0","969.2","24","  9.9","24","  6.7","24"," 15.0"," 20.0","  75.2","*","  48.2","*","99.99"," ","999.9","010000"
"A5125600451","2023-11-10","36.6985","-93.4022","411.2","BRANSON WEST MUNICIPAL EMERSON FIELD AIRPORT, MO US","  50.5","24","  28.2","24","9999.9"," 0","975.0","24","  9.9","24","  2.2","24","  8.9"," 13.0","  62.6","*","  39.2","*"," 0.00","I","999.9","000000"
"A5125600451","2023-11-11","36.6985","-93.4022","411.2","BRANSON WEST MUNICIPAL EMERSON FIELD AIRPORT, MO US","  47.8","24","  25.6","24","9999.9"," 0","977.9","24"," 10.0","24","  4.3","24"," 11.1"," 15.9","  57.2","*","  37.4","*"," 0.00","I","999.9","000000"
"A5125600451","2023-11-12","36.6985","-93.4022","411.2","BRANSON WEST MUNICIPAL EMERSON FIELD AIRPORT, MO US","  47.1","10","  26.8","10","9999.9"," 0","977.2","10"," 10.0","10","  2.7","10","  8.0"," 11.1","  50.0","*","  42.8","*"," 0.00","I","999.9","000000"
